d,dbo_bench_ticker,dbo_dim_equity_ticker,dbo_benchvalue_value,dbo_dailyvalue_value
2008-01-02,SPX,GS,-0.01454312,-0.035257298
2008-01-02,SPTR,GS,-0.01433588,-0.035257298
2008-01-02,VIX,GS,0.02934303,-0.035257298
2008-01-03,SPX,GS,0,-0.01338417
2008-01-03,SPTR,GS,0.00000352,-0.01338417
2008-01-03,VIX,GS,-0.02978757,-0.01338417
2008-01-04,SPX,GS,-0.02485795,-0.024261955
2008-01-04,SPTR,GS,-0.02486074,-0.024261955
2008-01-04,VIX,GS,0.06247993,-0.024261955
2008-01-07,SPX,GS,0.00321804,-0.026353216
2008-01-07,SPTR,GS,0.00322757,-0.026353216
2008-01-07,VIX,GS,-0.00628538,-0.026353216
2008-01-08,SPX,GS,-0.01852268,-0.027225267
2008-01-08,SPTR,GS,-0.01818608,-0.027225267
2008-01-08,VIX,GS,0.06666426,-0.027225267
2008-01-09,SPX,GS,0.01353206,0.011803069
2008-01-09,SPTR,GS,0.01360929,0.011803069
2008-01-09,VIX,GS,-0.05288821,0.011803069
2008-01-10,SPX,GS,0.00791675,0.026554293
2008-01-10,SPTR,GS,0.0079351,0.026554293
2008-01-10,VIX,GS,-0.02817088,0.026554293
2008-01-11,SPX,GS,-0.0136887,0.009251077
2008-01-11,SPTR,GS,-0.01362951,0.009251077
2008-01-11,VIX,GS,0.00976032,0.009251077
2008-01-14,SPX,GS,0.01081199,0.014535841
2008-01-14,SPTR,GS,0.01081717,0.014535841
2008-01-14,VIX,GS,-0.0334939,0.014535841
2008-01-15,SPX,GS,-0.02524087,-0.042341899
2008-01-15,SPTR,GS,-0.02523331,-0.042341899
2008-01-15,VIX,GS,0.01903172,-0.042341899
2008-01-16,SPX,GS,-0.00562789,0.021547183
2008-01-16,SPTR,GS,-0.00551388,0.021547183
2008-01-16,VIX,GS,0.0435945,0.021547183
2008-01-17,SPX,GS,-0.02952421,-0.033570227
2008-01-17,SPTR,GS,-0.02948383,-0.033570227
2008-01-17,VIX,GS,0.15473647,-0.033570227
2008-01-18,SPX,GS,-0.00606373,-0.019937436
2008-01-18,SPTR,GS,-0.00604151,-0.019937436
2008-01-18,VIX,GS,-0.04601818,-0.019937436
2008-01-22,SPX,GS,-0.0111471,0.018418336
2008-01-22,SPTR,GS,-0.01114462,0.018418336
2008-01-22,VIX,GS,0.13182832,0.018418336
2008-01-23,SPX,GS,0.02121555,0.044613836
2008-01-23,SPTR,GS,0.02123973,0.044613836
2008-01-23,VIX,GS,-0.06632449,0.044613836
2008-01-24,SPX,GS,0.01001246,-0.000953454
2008-01-24,SPTR,GS,0.01003843,-0.000953454
2008-01-24,VIX,GS,-0.04366891,-0.000953454
2008-01-25,SPX,GS,-0.01599927,-0.038273162
2008-01-25,SPTR,GS,-0.01599137,-0.038273162
2008-01-25,VIX,GS,0.04573432,-0.038273162
2008-01-28,SPX,GS,0.01740353,0.025180299
2008-01-28,SPTR,GS,0.01741724,0.025180299
2008-01-28,VIX,GS,-0.04573432,0.025180299
2008-01-29,SPX,GS,0.00613343,-0.00101952
2008-01-29,SPTR,GS,0.0061876,-0.00101952
2008-01-29,VIX,GS,-0.0166973,-0.00101952
2008-01-30,SPX,GS,-0.00477539,0.012671378
2008-01-30,SPTR,GS,-0.00471029,0.012671378
2008-01-30,VIX,GS,0.01092111,0.012671378
2008-01-31,SPX,GS,0.01663316,0.005024357
2008-01-31,SPTR,GS,0.01679976,0.005024357
2008-01-31,VIX,GS,-0.05278074,0.005024357
2008-02-01,SPX,GS,0.01216322,0.040415192
2008-02-01,SPTR,GS,0.01216155,0.040415192
2008-02-01,VIX,GS,-0.08687259,0.040415192
2008-02-04,SPX,GS,-0.01051792,-0.034170208
2008-02-04,SPTR,GS,-0.01049634,-0.034170208
2008-02-04,VIX,GS,0.07882503,-0.034170208
2008-02-05,SPX,GS,-0.03251852,-0.056022354
2008-02-05,SPTR,GS,-0.03242403,-0.056022354
2008-02-05,VIX,GS,0.08302756,-0.056022354
2008-02-06,SPX,GS,-0.0076528,-0.014269324
2008-02-06,SPTR,GS,-0.007249,-0.014269324
2008-02-06,VIX,GS,0.0255214,-0.014269324
2008-02-07,SPX,GS,0.00785478,0.017425294
2008-02-07,SPTR,GS,0.00809869,0.017425294
2008-02-07,VIX,GS,-0.04627349,0.017425294
2008-02-08,SPX,GS,-0.00421258,-0.017959307
2008-02-08,SPTR,GS,-0.00419553,-0.017959307
2008-02-08,VIX,GS,0.01257426,-0.017959307
2008-02-11,SPX,GS,0.00587175,-0.006435665
2008-02-11,SPTR,GS,0.00592027,-0.006435665
2008-02-11,VIX,GS,-0.01474582,-0.006435665
2008-02-12,SPX,GS,0.00723964,-0.028485898
2008-02-12,SPTR,GS,0.00728344,-0.028485898
2008-02-12,VIX,GS,-0.0471068,-0.028485898
2008-02-13,SPX,GS,0.01351238,-0.002605391
2008-02-13,SPTR,GS,0.01389415,-0.002605391
2008-02-13,VIX,GS,-0.05664471,-0.002605391
2008-02-14,SPX,GS,-0.01351238,-0.020295569
2008-02-14,SPTR,GS,-0.01347927,-0.020295569
2008-02-14,VIX,GS,0.02618158,-0.020295569
2008-02-15,SPX,GS,0.00083739,0.010423486
2008-02-15,SPTR,GS,0.00090028,0.010423486
2008-02-15,VIX,GS,-0.02057035,0.010423486
2008-02-19,SPX,GS,-0.00089671,-0.026178691
2008-02-19,SPTR,GS,-0.00081648,-0.026178691
2008-02-19,VIX,GS,0.02252615,-0.026178691
2008-02-20,SPX,GS,0.00830628,0.019655558
2008-02-20,SPTR,GS,0.00836137,0.019655558
2008-02-20,VIX,GS,-0.04761852,0.019655558
2008-02-21,SPX,GS,-0.01295087,-0.011804399
2008-02-21,SPTR,GS,-0.01260411,-0.011804399
2008-02-21,VIX,GS,0.02908121,-0.011804399
2008-02-22,SPX,GS,0.00784975,0.01439588
2008-02-22,SPTR,GS,0.00795597,0.01439588
2008-02-22,VIX,GS,-0.04311363,0.01439588
2008-02-25,SPX,GS,0.0137181,-0.001971943
2008-02-25,SPTR,GS,0.01373716,-0.001971943
2008-02-25,VIX,GS,-0.043753,-0.001971943
2008-02-26,SPX,GS,0.0068941,-0.026625329
2008-02-26,SPTR,GS,0.00689954,-0.026625329
2008-02-26,VIX,GS,-0.05031108,-0.026625329
2008-02-27,SPX,GS,-0.00091985,0.045835327
2008-02-27,SPTR,GS,-0.00067793,0.045835327
2008-02-27,VIX,GS,0.03543766,0.045835327
2008-02-28,SPX,GS,-0.00898212,-0.022938078
2008-02-28,SPTR,GS,-0.00886492,-0.022938078
2008-02-28,VIX,GS,0.0363519,-0.022938078
2008-02-29,SPX,GS,-0.02746336,-0.040833453
2008-02-29,SPTR,GS,-0.02742996,-0.040833453
2008-02-29,VIX,GS,0.12037683,-0.040833453
2008-03-03,SPX,GS,0.00053344,-0.027189302
2008-03-03,SPTR,GS,0.0005548,-0.027189302
2008-03-03,VIX,GS,-0.00984484,-0.027189302
2008-03-04,SPX,GS,-0.00345361,-0.009005427
2008-03-04,SPTR,GS,-0.00344482,-0.009005427
2008-03-04,VIX,GS,-0.02934574,-0.009005427
2008-03-05,SPX,GS,0.00522469,0.008339133
2008-03-05,SPTR,GS,0.00572133,0.008339133
2008-03-05,VIX,GS,-0.03671602,0.008339133
2008-03-06,SPX,GS,-0.02225987,-0.039063126
2008-03-06,SPTR,GS,-0.02210208,-0.039063126
2008-03-06,VIX,GS,0.11325609,-0.039063126
2008-03-07,SPX,GS,-0.00844595,0.008911177
2008-03-07,SPTR,GS,-0.00842837,0.008911177
2008-03-07,VIX,GS,-0.00218023,0.008911177
2008-03-10,SPX,GS,-0.01558429,-0.028450916
2008-03-10,SPTR,GS,-0.01554138,-0.028450916
2008-03-10,VIX,GS,0.06649187,-0.028450916
2008-03-11,SPX,GS,0.03645711,0.047019073
2008-03-11,SPTR,GS,0.03648969,0.047019073
2008-03-11,VIX,GS,-0.10846646,0.047019073
2008-03-12,SPX,GS,-0.00903628,-0.000368068
2008-03-12,SPTR,GS,-0.0087515,-0.000368068
2008-03-12,VIX,GS,0.03210429,-0.000368068
2008-03-13,SPX,GS,0.00511385,0.014796983
2008-03-13,SPTR,GS,0.00515469,0.014796983
2008-03-13,VIX,GS,0.00256834,0.014796983
2008-03-14,SPX,GS,-0.0210023,-0.053255218
2008-03-14,SPTR,GS,-0.02097983,-0.053255218
2008-03-14,VIX,GS,0.13261489,-0.053255218
2008-03-17,SPX,GS,-0.00899902,-0.037941771
2008-03-17,SPTR,GS,-0.00884912,-0.037941771
2008-03-17,VIX,GS,0.0340727,-0.037941771
2008-03-18,SPX,GS,0.04153489,0.150739726
2008-03-18,SPTR,GS,0.0415592,0.150739726
2008-03-18,VIX,GS,-0.2232211,0.150739726
2008-03-19,SPX,GS,-0.02458704,-0.053216195
2008-03-19,SPTR,GS,-0.02457223,-0.053216195
2008-03-19,VIX,GS,0.14586296,-0.053216195
2008-03-20,SPX,GS,0.02366231,0.075964248
2008-03-20,SPTR,GS,0.02366054,0.075964248
2008-03-20,VIX,GS,-0.11418696,0.075964248
2008-03-24,SPX,GS,0.01520525,-0.00418374
2008-03-24,SPTR,GS,0.01520925,-0.00418374
2008-03-24,VIX,GS,-0.03400519,-0.00418374
2008-03-25,SPX,GS,0.00230126,0.004184234
2008-03-25,SPTR,GS,0.00230605,0.004184234
2008-03-25,VIX,GS,-0.00038873,0.004184234
2008-03-26,SPX,GS,-0.00880442,-0.023374057
2008-03-26,SPTR,GS,-0.00875592,-0.023374057
2008-03-26,VIX,GS,0.01389984,-0.023374057
2008-03-27,SPX,GS,-0.01152666,-0.042727976
2008-03-27,SPTR,GS,-0.01131309,-0.042727976
2008-03-27,VIX,GS,-0.00769827,-0.042727976
2008-03-28,SPX,GS,-0.00798193,-0.022190396
2008-03-28,SPTR,GS,-0.00794072,-0.022190396
2008-03-28,VIX,GS,-0.00659045,-0.022190396
2008-03-31,SPX,GS,0.00567115,0.005699726
2008-03-31,SPTR,GS,0.00569609,0.005699726
2008-03-31,VIX,GS,-0.00389712,0.005699726
2008-04-01,SPX,GS,0.03526702,0.067051922
2008-04-01,SPTR,GS,0.03526636,0.067051922
2008-04-01,VIX,GS,-0.12149942,0.067051922
2008-04-02,SPX,GS,-0.00193593,5.69984E-05
2008-04-02,SPTR,GS,-0.0017349,5.69984E-05
2008-04-02,VIX,GS,0.03253377,5.69984E-05
2008-04-03,SPX,GS,0.00130077,-0.001923849
2008-04-03,SPTR,GS,0.00130724,-0.001923849
2008-04-03,VIX,GS,-0.00943403,-0.001923849
2008-04-04,SPX,GS,0.00079571,-0.006421574
2008-04-04,SPTR,GS,0.00081032,-0.006421574
2008-04-04,VIX,GS,-0.03329261,-0.006421574
2008-04-07,SPX,GS,0.00156037,0.018807034
2008-04-07,SPTR,GS,0.00156701,0.018807034
2008-04-07,VIX,GS,-0.0013372,0.018807034
2008-04-08,SPX,GS,-0.00511308,0.000950548
2008-04-08,SPTR,GS,-0.00477517,0.000950548
2008-04-08,VIX,GS,-0.00267977,0.000950548
2008-04-09,SPX,GS,-0.00812496,-0.026967373
2008-04-09,SPTR,GS,-0.00804515,-0.026967373
2008-04-09,VIX,GS,0.01992539,-0.026967373
2008-04-10,SPX,GS,0.00446403,-0.020831476
2008-04-10,SPTR,GS,0.00451132,-0.020831476
2008-04-10,VIX,GS,-0.03706609,-0.020831476
2008-04-11,SPX,GS,-0.02058453,-0.019239906
2008-04-11,SPTR,GS,-0.02051729,-0.019239906
2008-04-11,VIX,GS,0.06516389,-0.019239906
2008-04-14,SPX,GS,-0.00338952,-0.022425584
2008-04-14,SPTR,GS,-0.00337604,-0.022425584
2008-04-14,VIX,GS,0.01522872,-0.022425584
2008-04-15,SPX,GS,0.00458925,0.003722065
2008-04-15,SPTR,GS,0.00459941,0.003722065
2008-04-15,VIX,GS,-0.04464261,0.003722065
2008-04-16,SPX,GS,0.02243772,0.029109187
2008-04-16,SPTR,GS,0.02254681,0.029109187
2008-04-16,VIX,GS,-0.10399573,0.029109187
2008-04-17,SPX,GS,0.00062265,0.017881175
2008-04-17,SPTR,GS,0.00065079,0.017881175
2008-04-17,VIX,GS,-0.007824,0.017881175
2008-04-18,SPX,GS,0.01797653,0.04449237
2008-04-18,SPTR,GS,0.0179822,0.04449237
2008-04-18,VIX,GS,-0.01185199,0.04449237
2008-04-21,SPX,GS,-0.0015548,0.002608595
2008-04-21,SPTR,GS,-0.00153173,0.002608595
2008-04-21,VIX,GS,0.01821365,0.002608595
2008-04-22,SPX,GS,-0.0088492,-0.003554309
2008-04-22,SPTR,GS,-0.00882788,-0.003554309
2008-04-22,VIX,GS,0.01788784,-0.003554309
2008-04-23,SPX,GS,0.00289564,-0.002283605
2008-04-23,SPTR,GS,0.00290208,-0.002283605
2008-04-23,VIX,GS,-0.02966422,-0.002283605
2008-04-24,SPX,GS,0.00642169,0.051295594
2008-04-24,SPTR,GS,0.00642343,0.051295594
2008-04-24,VIX,GS,-0.00992072,0.051295594
2008-04-25,SPX,GS,0.00647372,0.018681411
2008-04-25,SPTR,GS,0.0064879,0.018681411
2008-04-25,VIX,GS,-0.02370855,0.018681411
2008-04-28,SPX,GS,-0.00105218,-0.009209276
2008-04-28,SPTR,GS,-0.00101171,-0.009209276
2008-04-28,VIX,GS,0.00254907,-0.009209276
2008-04-29,SPX,GS,-0.00389624,0.012744443
2008-04-29,SPTR,GS,-0.00386743,0.012744443
2008-04-29,VIX,GS,0.03009254,0.012744443
2008-04-30,SPX,GS,-0.00385374,-0.006822219
2008-04-30,SPTR,GS,-0.00381304,-0.006822219
2008-04-30,VIX,GS,0.02681126,-0.006822219
2008-05-01,SPX,GS,0.01699547,0.039347628
2008-05-01,SPTR,GS,0.0171847,0.039347628
2008-05-01,VIX,GS,-0.09636894,0.039347628
2008-05-02,SPX,GS,0.00323033,0.006110294
2008-05-02,SPTR,GS,0.00322894,0.006110294
2008-05-02,VIX,GS,-0.03778107,0.006110294
2008-05-05,SPX,GS,-0.00454387,-0.015854013
2008-05-05,SPTR,GS,-0.00445271,-0.015854013
2008-05-05,VIX,GS,0.03883983,-0.015854013
2008-05-06,SPX,GS,0.00762279,0.002482915
2008-05-06,SPTR,GS,0.00765698,0.002482915
2008-05-06,VIX,GS,-0.03719103,0.002482915
2008-05-07,SPX,GS,-0.01827981,-0.040535577
2008-05-07,SPTR,GS,-0.01786362,-0.040535577
2008-05-07,VIX,GS,0.08016943,-0.040535577
2008-05-08,SPX,GS,0.00366276,-0.010808199
2008-05-08,SPTR,GS,0.00370753,-0.010808199
2008-05-08,VIX,GS,-0.01686725,-0.010808199
2008-05-09,SPX,GS,-0.00674815,0.00196906
2008-05-09,SPTR,GS,-0.00654116,0.00196906
2008-05-09,VIX,GS,0.00051533,0.00196906
2008-05-12,SPX,GS,0.01096055,0.020991136
2008-05-12,SPTR,GS,0.01099042,0.020991136
2008-05-12,VIX,GS,-0.0871519,0.020991136
2008-05-13,SPX,GS,-0.00038481,-0.009152759
2008-05-13,SPTR,GS,-0.00015716,-0.009152759
2008-05-13,VIX,GS,0.01062353,-0.009152759
2008-05-14,SPX,GS,0.00399759,-0.001051553
2008-05-14,SPTR,GS,0.0041715,-0.001051553
2008-05-14,VIX,GS,-0.01795783,-0.001051553
2008-05-15,SPX,GS,0.0105289,-0.007973706
2008-05-15,SPTR,GS,0.01071448,-0.007973706
2008-05-15,VIX,GS,-0.08013709,-0.007973706
2008-05-16,SPX,GS,0.0012496,-0.007876942
2008-05-16,SPTR,GS,0.0012735,-0.007876942
2008-05-16,VIX,GS,0.01037544,-0.007876942
2008-05-19,SPX,GS,0.00089762,-0.014749237
2008-05-19,SPTR,GS,0.00093237,-0.014749237
2008-05-19,VIX,GS,0.03226086,-0.014749237
2008-05-20,SPX,GS,-0.00931687,-0.010740473
2008-05-20,SPTR,GS,-0.00931971,-0.010740473
2008-05-20,VIX,GS,0.03296049,-0.010740473
2008-05-21,SPX,GS,-0.01618374,-0.021217508
2008-05-21,SPTR,GS,-0.01611186,-0.021217508
2008-05-21,VIX,GS,0.05586191,-0.021217508
2008-05-22,SPX,GS,0.00261395,-0.007869886
2008-05-22,SPTR,GS,0.00280122,-0.007869886
2008-05-22,VIX,GS,-0.02947812,-0.007869886
2008-05-23,SPX,GS,-0.01329849,-0.026070912
2008-05-23,SPTR,GS,-0.01328596,-0.026070912
2008-05-23,VIX,GS,0.0798296,-0.026070912
2008-05-27,SPX,GS,0.00682295,0.007386651
2008-05-27,SPTR,GS,0.0068255,0.007386651
2008-05-27,VIX,GS,0.00459302,0.007386651
2008-05-28,SPX,GS,0.00395507,0.005218361
2008-05-28,SPTR,GS,0.00415003,0.005218361
2008-05-28,VIX,GS,-0.02945188,0.005218361
2008-05-29,SPX,GS,0.00532073,0.008032652
2008-05-29,SPTR,GS,0.00543886,0.008032652
2008-05-29,VIX,GS,-0.04999698,0.008032652
2008-05-30,SPX,GS,0.00151502,0.000964535
2008-05-30,SPTR,GS,0.00152562,0.000964535
2008-05-30,VIX,GS,-0.01723701,0.000964535
2008-06-02,SPX,GS,-0.01055985,-0.023341301
2008-06-02,SPTR,GS,-0.01052625,-0.023341301
2008-06-02,VIX,GS,0.10631351,-0.023341301
2008-06-03,SPX,GS,-0.00580463,-0.0102645
2008-06-03,SPTR,GS,-0.00576669,-0.0102645
2008-06-03,VIX,GS,0.0204649,-0.0102645
2008-06-04,SPX,GS,-0.0003267,0.008871531
2008-06-04,SPTR,GS,0.00016676,0.008871531
2008-06-04,VIX,GS,0.02729214,0.008871531
2008-06-05,SPX,GS,0.01930847,0.025811986
2008-06-05,SPTR,GS,0.01938569,0.025811986
2008-06-05,VIX,GS,-0.1101798,0.025811986
2008-06-06,SPX,GS,-0.03137634,-0.041388822
2008-06-06,SPTR,GS,-0.03126257,-0.041388822
2008-06-06,VIX,GS,0.23477717,-0.041388822
2008-06-09,SPX,GS,0.00079341,-0.021958329
2008-06-09,SPTR,GS,0.00083035,-0.021958329
2008-06-09,VIX,GS,-0.01885232,-0.021958329
2008-06-10,SPX,GS,-0.002441,0.008709958
2008-06-10,SPTR,GS,-0.00243879,0.008709958
2008-06-10,VIX,GS,0.00259179,0.008709958
2008-06-11,SPX,GS,-0.01703872,-0.029187851
2008-06-11,SPTR,GS,-0.01682405,-0.029187851
2008-06-11,VIX,GS,0.03975153,-0.029187851
2008-06-12,SPX,GS,0.00327433,0.026433535
2008-06-12,SPTR,GS,0.00334687,0.026433535
2008-06-12,VIX,GS,-0.03330129,0.026433535
2008-06-13,SPX,GS,0.01493416,0.066915382
2008-06-13,SPTR,GS,0.01495813,0.066915382
2008-06-13,VIX,GS,-0.09479595,0.066915382
2008-06-16,SPX,GS,0.00008088,0.021090034
2008-06-16,SPTR,GS,0.00008298,0.021090034
2008-06-16,VIX,GS,-0.01280549,0.021090034
2008-06-17,SPX,GS,-0.00679439,-0.014659934
2008-06-17,SPTR,GS,-0.00678563,-0.014659934
2008-06-17,VIX,GS,0.00855519,-0.014659934
2008-06-18,SPX,GS,-0.0097593,0.018387902
2008-06-18,SPTR,GS,-0.00974417,0.018387902
2008-06-18,VIX,GS,0.05119864,0.018387902
2008-06-19,SPX,GS,0.00374538,0.022505833
2008-06-19,SPTR,GS,0.00401075,0.022505833
2008-06-19,VIX,GS,-0.03012551,0.022505833
2008-06-20,SPX,GS,-0.018717,-0.017049521
2008-06-20,SPTR,GS,-0.01871028,-0.017049521
2008-06-20,VIX,GS,0.05805905,-0.017049521
2008-06-23,SPX,GS,0.00005311,-0.02859188
2008-06-23,SPTR,GS,0.00005787,-0.02859188
2008-06-23,VIX,GS,-0.01010776,-0.02859188
2008-06-24,SPX,GS,-0.00281884,0.01880409
2008-06-24,SPTR,GS,-0.00280603,0.01880409
2008-06-24,VIX,GS,-0.00976484,0.01880409
2008-06-25,SPX,GS,0.00582645,0.009135147
2008-06-25,SPTR,GS,0.00587601,0.009135147
2008-06-25,VIX,GS,-0.05878644,0.009135147
2008-06-26,SPX,GS,-0.02980506,-0.041072026
2008-06-26,SPTR,GS,-0.02949776,-0.041072026
2008-06-26,VIX,GS,0.12396592,-0.041072026
2008-06-27,SPX,GS,-0.00372434,-0.009691814
2008-06-27,SPTR,GS,-0.0036947,-0.009691814
2008-06-27,VIX,GS,-0.02068894,-0.009691814
2008-06-30,SPX,GS,0.00126643,0.001946105
2008-06-30,SPTR,GS,0.00127082,0.001946105
2008-06-30,VIX,GS,0.02152436,0.001946105
2008-07-01,SPX,GS,0.0038286,0.002455982
2008-07-01,SPTR,GS,0.00402101,0.002455982
2008-07-01,VIX,GS,-0.01260521,0.002455982
2008-07-02,SPX,GS,-0.01837133,0.019541809
2008-07-02,SPTR,GS,-0.01831336,0.019541809
2008-07-02,VIX,GS,0.09165176,0.019541809
2008-07-03,SPX,GS,0.00109332,0.000558844
2008-07-03,SPTR,GS,0.00110992,0.000558844
2008-07-03,VIX,GS,-0.04457453,0.000558844
2008-07-07,SPX,GS,-0.00842082,-0.052032515
2008-07-07,SPTR,GS,-0.00840385,-0.052032515
2008-07-07,VIX,GS,0.03915865,-0.052032515
2008-07-08,SPX,GS,0.01693621,0.029475304
2008-07-08,SPTR,GS,0.01732167,0.029475304
2008-07-08,VIX,GS,-0.10760422,0.029475304
2008-07-09,SPX,GS,-0.02303955,-0.034197113
2008-07-09,SPTR,GS,-0.0229327,-0.034197113
2008-07-09,VIX,GS,0.08603898,-0.034197113
2008-07-10,SPX,GS,0.00696538,0.006722354
2008-07-10,SPTR,GS,0.00696519,0.006722354
2008-07-10,VIX,GS,0.01416789,0.006722354
2008-07-11,SPX,GS,-0.01115188,-0.046184262
2008-07-11,SPTR,GS,-0.01107181,-0.046184262
2008-07-11,VIX,GS,0.07162065,-0.046184262
2008-07-14,SPX,GS,-0.00906891,-0.023728303
2008-07-14,SPTR,GS,-0.0090711,-0.023728303
2008-07-14,VIX,GS,0.03537978,-0.023728303
2008-07-15,SPX,GS,-0.0109611,-0.005498087
2008-07-15,SPTR,GS,-0.01094439,-0.005498087
2008-07-15,VIX,GS,0.00210453,-0.005498087
2008-07-16,SPX,GS,0.02475465,0.09115337
2008-07-16,SPTR,GS,0.02488259,0.09115337
2008-07-16,VIX,GS,-0.12843877,0.09115337
2008-07-17,SPX,GS,0.01194101,0.047340543
2008-07-17,SPTR,GS,0.0119752,0.047340543
2008-07-17,VIX,GS,-0.0035921,0.047340543
2008-07-18,SPX,GS,0.0002856,0.008789261
2008-07-18,SPTR,GS,0.00028962,0.008789261
2008-07-18,VIX,GS,-0.03914075,0.008789261
2008-07-21,SPX,GS,-0.00053954,-0.011330953
2008-07-21,SPTR,GS,-0.00051389,-0.011330953
2008-07-21,VIX,GS,-0.04246923,-0.011330953
2008-07-22,SPX,GS,0.01340186,0.039373586
2008-07-22,SPTR,GS,0.01342199,0.039373586
2008-07-22,VIX,GS,-0.08460843,0.039373586
2008-07-23,SPX,GS,0.00405598,-0.000904409
2008-07-23,SPTR,GS,0.00405602,-0.000904409
2008-07-23,VIX,GS,0.00611911,-0.000904409
2008-07-24,SPX,GS,-0.02339606,-0.041350259
2008-07-24,SPTR,GS,-0.02337441,-0.041350259
2008-07-24,VIX,GS,0.09526752,-0.041350259
2008-07-25,SPX,GS,0.00415887,-0.006958152
2008-07-25,SPTR,GS,0.00417201,-0.006958152
2008-07-25,VIX,GS,-0.02287047,-0.006958152
2008-07-28,SPX,GS,-0.01877164,-0.032771156
2008-07-28,SPTR,GS,-0.01877804,-0.032771156
2008-07-28,VIX,GS,0.05601804,-0.032771156
2008-07-29,SPX,GS,0.02308747,0.049258626
2008-07-29,SPTR,GS,0.02317537,0.049258626
2008-07-29,VIX,GS,-0.09518637,0.049258626
2008-07-30,SPX,GS,0.01653449,0.02468871
2008-07-30,SPTR,GS,0.01659813,0.02468871
2008-07-30,VIX,GS,-0.03793239,0.02468871
2008-07-31,SPX,GS,-0.0132309,-0.011506952
2008-07-31,SPTR,GS,-0.01302691,-0.011506952
2008-07-31,VIX,GS,0.07840934,-0.011506952
2008-08-01,SPX,GS,-0.00559406,-0.011146896
2008-08-01,SPTR,GS,-0.00559147,-0.011146896
2008-08-01,VIX,GS,-0.01626052,-0.011146896
2008-08-04,SPX,GS,-0.00900649,-0.023009704
2008-08-04,SPTR,GS,-0.00899064,-0.023009704
2008-08-04,VIX,GS,0.03995321,-0.023009704
2008-08-05,SPX,GS,0.02831409,0.016228601
2008-08-05,SPTR,GS,0.02841084,0.016228601
2008-08-05,VIX,GS,-0.10540782,0.016228601
2008-08-06,SPX,GS,0.00334879,-0.006771877
2008-08-06,SPTR,GS,0.00380436,-0.006771877
2008-08-06,VIX,GS,-0.04400033,-0.006771877
2008-08-07,SPX,GS,-0.0180965,-0.041042852
2008-08-07,SPTR,GS,-0.01800002,-0.041042852
2008-08-07,VIX,GS,0.04447325,-0.041042852
2008-08-08,SPX,GS,0.02361187,0.020788416
2008-08-08,SPTR,GS,0.02361481,0.020788416
2008-08-08,VIX,GS,-0.02344044,0.020788416
2008-08-11,SPX,GS,0.00691874,0.01158365
2008-08-11,SPTR,GS,0.00716132,0.01158365
2008-08-11,VIX,GS,-0.02648512,0.01158365
2008-08-12,SPX,GS,-0.01212388,-0.06199456
2008-08-12,SPTR,GS,-0.01207741,-0.06199456
2008-08-12,VIX,GS,0.05087074,-0.06199456
2008-08-13,SPX,GS,-0.00291991,-0.014449899
2008-08-13,SPTR,GS,-0.00259394,-0.014449899
2008-08-13,VIX,GS,0.01779073,-0.014449899
2008-08-14,SPX,GS,0.00550654,0.010196835
2008-08-14,SPTR,GS,0.00554329,0.010196835
2008-08-14,VIX,GS,-0.05778643,0.010196835
2008-08-15,SPX,GS,0.00406773,-0.020681393
2008-08-15,SPTR,GS,0.00418712,-0.020681393
2008-08-15,VIX,GS,-0.03808075,-0.020681393
2008-08-18,SPX,GS,-0.01521296,-0.019430557
2008-08-18,SPTR,GS,-0.01514393,-0.019430557
2008-08-18,VIX,GS,0.06906097,-0.019430557
2008-08-19,SPX,GS,-0.00935853,-0.01282894
2008-08-19,SPTR,GS,-0.00927097,-0.01282894
2008-08-19,VIX,GS,0.01419806,-0.01282894
2008-08-20,SPX,GS,0.00617813,0.00158075
2008-08-20,SPTR,GS,0.00624571,0.00158075
2008-08-20,VIX,GS,-0.04125285,0.00158075
2008-08-21,SPX,GS,0.00249191,-0.011631383
2008-08-21,SPTR,GS,0.0025574,-0.011631383
2008-08-21,VIX,GS,-0.02982328,-0.011631383
2008-08-22,SPX,GS,0.01126895,0.021440501
2008-08-22,SPTR,GS,0.01138384,0.021440501
2008-08-22,VIX,GS,-0.05230289,0.021440501
2008-08-25,SPX,GS,-0.01982058,-0.025989829
2008-08-25,SPTR,GS,-0.0198151,-0.025989829
2008-08-25,VIX,GS,0.1087042,-0.025989829
2008-08-26,SPX,GS,0.00367956,0.001283176
2008-08-26,SPTR,GS,0.00368977,0.001283176
2008-08-26,VIX,GS,-0.02315588,0.001283176
2008-08-27,SPX,GS,0.00795094,-0.00276181
2008-08-27,SPTR,GS,0.0081226,-0.00276181
2008-08-27,VIX,GS,-0.03627727,-0.00276181
2008-08-28,SPX,GS,0.01473109,0.04002904
2008-08-28,SPTR,GS,0.01489172,0.04002904
2008-08-28,VIX,GS,-0.01684143,0.04002904
2008-08-29,SPX,GS,-0.01381863,0.013137326
2008-08-29,SPTR,GS,-0.01376804,0.013137326
2008-08-29,VIX,GS,0.06089706,0.013137326
2008-09-02,SPX,GS,-0.00410091,0.008199294
2008-09-02,SPTR,GS,-0.00406741,0.008199294
2008-09-02,VIX,GS,0.06287249,0.008199294
2008-09-03,SPX,GS,-0.00203717,0.013756938
2008-09-03,SPTR,GS,-0.00152925,0.013756938
2008-09-03,VIX,GS,-0.025796,0.013756938
2008-09-04,SPX,GS,-0.03037884,-0.04085637
2008-09-04,SPTR,GS,-0.0303548,-0.04085637
2008-09-04,VIX,GS,0.11451124,-0.04085637
2008-09-05,SPX,GS,0.0044209,0.014438265
2008-09-05,SPTR,GS,0.00446104,0.014438265
2008-09-05,VIX,GS,-0.04120354,0.014438265
2008-09-08,SPX,GS,0.02030268,0.038987032
2008-09-08,SPTR,GS,0.020467,0.038987032
2008-09-08,VIX,GS,-0.01838126,0.038987032
2008-09-09,SPX,GS,-0.03473446,-0.048651524
2008-09-09,SPTR,GS,-0.03473108,-0.048651524
2008-09-09,VIX,GS,0.11778304,-0.048651524
2008-09-10,SPX,GS,0.00613057,-0.025560914
2008-09-10,SPTR,GS,0.00618429,-0.025560914
2008-09-10,VIX,GS,-0.03801218,-0.025560914
2008-09-11,SPX,GS,0.01371193,-0.00356033
2008-09-11,SPTR,GS,0.01403019,-0.00356033
2008-09-11,VIX,GS,-0.0053159,-0.00356033
2008-09-12,SPX,GS,0.00211937,-0.018121202
2008-09-12,SPTR,GS,0.00213326,-0.018121202
2008-09-12,VIX,GS,0.05076015,-0.018121202
2008-09-15,SPX,GS,-0.04828298,-0.129343602
2008-09-15,SPTR,GS,-0.04827548,-0.129343602
2008-09-15,VIX,GS,0.21138332,-0.129343602
2008-09-16,SPX,GS,0.01736326,-0.018546936
2008-09-16,SPTR,GS,0.01736308,-0.018546936
2008-09-16,VIX,GS,-0.04516897,-0.018546936
2008-09-17,SPX,GS,-0.04827983,-0.149848946
2008-09-17,SPTR,GS,-0.04825747,-0.149848946
2008-09-17,VIX,GS,0.17846374,-0.149848946
2008-09-18,SPX,GS,0.04242881,-0.058444063
2008-09-18,SPTR,GS,0.04274447,-0.058444063
2008-09-18,VIX,GS,-0.09007817,-0.058444063
2008-09-19,SPX,GS,0.03946742,0.1838637
2008-09-19,SPTR,GS,0.03945998,0.1838637
2008-09-19,VIX,GS,-0.03161227,0.1838637
2008-09-22,SPX,GS,-0.03898681,-0.072024605
2008-09-22,SPTR,GS,-0.03893748,-0.072024605
2008-09-22,VIX,GS,0.05401799,-0.072024605
2008-09-23,SPX,GS,-0.01575612,0.034743397
2008-09-23,SPTR,GS,-0.01573913,0.034743397
2008-09-23,VIX,GS,0.05377176,0.034743397
2008-09-24,SPX,GS,-0.00197971,0.061635875
2008-09-24,SPTR,GS,-0.00196947,0.061635875
2008-09-24,VIX,GS,-0.01494881,0.061635875
2008-09-25,SPX,GS,0.01946576,0.018622519
2008-09-25,SPTR,GS,0.01946679,0.018622519
2008-09-25,VIX,GS,-0.06972387,0.018622519
2008-09-26,SPX,GS,0.00316243,0.018209202
2008-09-26,SPTR,GS,0.00338575,0.018209202
2008-09-26,VIX,GS,0.05685368,0.018209202
2008-09-29,SPX,GS,-0.09200241,-0.133873165
2008-09-29,SPTR,GS,-0.09195316,-0.133873165
2008-09-29,VIX,GS,0.29628058,-0.133873165
2008-09-30,SPX,GS,0.05278533,0.058722579
2008-09-30,SPTR,GS,0.0527885,0.058722579
2008-09-30,VIX,GS,-0.17066036,0.058722579
2008-10-01,SPX,GS,-0.00455441,0.049533697
2008-10-01,SPTR,GS,-0.0044009,0.049533697
2008-10-01,VIX,GS,0.01060616,0.049533697
2008-10-02,SPX,GS,-0.04112493,-0.022252766
2008-10-02,SPTR,GS,-0.0409549,-0.022252766
2008-10-02,VIX,GS,0.1283055,-0.022252766
2008-10-03,SPX,GS,-0.01359852,-0.027280759
2008-10-03,SPTR,GS,-0.01357765,-0.027280759
2008-10-03,VIX,GS,-0.00265487,-0.027280759
2008-10-06,SPX,GS,-0.0392793,-0.031748698
2008-10-06,SPTR,GS,-0.0392655,-0.031748698
2008-10-06,VIX,GS,0.14243602,-0.031748698
2008-10-07,SPX,GS,-0.05910776,-0.07534982
2008-10-07,SPTR,GS,-0.05909376,-0.07534982
2008-10-07,VIX,GS,0.0308357,-0.07534982
2008-10-08,SPX,GS,-0.01139743,-0.017544
2008-10-08,SPTR,GS,-0.01085459,-0.017544
2008-10-08,VIX,GS,0.06926606,-0.017544
2008-10-09,SPX,GS,-0.07922404,-0.108807561
2008-10-09,SPTR,GS,-0.07921451,-0.108807561
2008-10-09,VIX,GS,0.10532575,-0.108807561
2008-10-10,SPX,GS,-0.01182896,-0.13219286
2008-10-10,SPTR,GS,-0.01173475,-0.13219286
2008-10-10,VIX,GS,0.0901484,-0.13219286
2008-10-13,SPX,GS,0.10957196,0.223143551
2008-10-13,SPTR,GS,0.1095792,0.223143551
2008-10-13,VIX,GS,-0.24062935,0.223143551
2008-10-14,SPX,GS,-0.00533638,0.101840628
2008-10-14,SPTR,GS,-0.00532569,0.101840628
2008-10-14,VIX,GS,0.00254268,0.101840628
2008-10-15,SPX,GS,-0.09469515,-0.082656872
2008-10-15,SPTR,GS,-0.09459519,-0.082656872
2008-10-15,VIX,GS,0.22802911,-0.082656872
2008-10-16,SPX,GS,0.04162886,-0.006650063
2008-10-16,SPTR,GS,0.04165843,-0.006650063
2008-10-16,VIX,GS,-0.02396724,-0.006650063
2008-10-17,SPX,GS,-0.0062322,0.016762717
2008-10-17,SPTR,GS,-0.00621419,0.016762717
2008-10-17,VIX,GS,0.03944255,0.016762717
2008-10-20,SPX,GS,0.04658284,0.061087573
2008-10-20,SPTR,GS,0.04658244,0.061087573
2008-10-20,VIX,GS,-0.28347274,0.061087573
2008-10-21,SPX,GS,-0.03128396,-0.001235763
2008-10-21,SPTR,GS,-0.03127472,-0.001235763
2008-10-21,VIX,GS,0.00263952,-0.001235763
2008-10-22,SPX,GS,-0.06295313,-0.053225687
2008-10-22,SPTR,GS,-0.06273868,-0.053225687
2008-10-22,VIX,GS,0.27111747,-0.053225687
2008-10-23,SPX,GS,0.01255495,-0.054748731
2008-10-23,SPTR,GS,0.01258565,-0.054748731
2008-10-23,VIX,GS,-0.02692051,-0.054748731
2008-10-24,SPX,GS,-0.03512082,-0.078324851
2008-10-24,SPTR,GS,-0.03511605,-0.078324851
2008-10-24,VIX,GS,0.15452988,-0.078324851
2008-10-27,SPX,GS,-0.03227975,-0.077853439
2008-10-27,SPTR,GS,-0.03227971,-0.077853439
2008-10-27,VIX,GS,0.01168428,-0.077853439
2008-10-28,SPX,GS,0.10245733,0.007401541
2008-10-28,SPTR,GS,0.10245398,0.007401541
2008-10-28,VIX,GS,-0.17868093,0.007401541
2008-10-29,SPX,GS,-0.01114093,0.042782631
2008-10-29,SPTR,GS,-0.0109905,0.042782631
2008-10-29,VIX,GS,0.04382822,0.042782631
2008-10-30,SPX,GS,0.02547665,-0.069424036
2008-10-30,SPTR,GS,0.02565599,-0.069424036
2008-10-30,VIX,GS,-0.10637749,-0.069424036
2008-10-31,SPX,GS,0.01524857,0.015140797
2008-10-31,SPTR,GS,0.01525575,0.015140797
2008-10-31,VIX,GS,-0.04903662,0.015140797
2008-11-03,SPX,GS,-0.00253224,-0.03756169
2008-11-03,SPTR,GS,-0.00252188,-0.03756169
2008-11-03,VIX,GS,-0.10946905,-0.03756169
2008-11-04,SPX,GS,0.04001447,0.064229411
2008-11-04,SPTR,GS,0.04002171,0.064229411
2008-11-04,VIX,GS,-0.11748036,0.064229411
2008-11-05,SPX,GS,-0.05411528,-0.08303819
2008-11-05,SPTR,GS,-0.05351044,-0.08303819
2008-11-05,VIX,GS,0.13374088,-0.08303819
2008-11-06,SPX,GS,-0.05157119,-0.079851976
2008-11-06,SPTR,GS,-0.05128936,-0.079851976
2008-11-06,VIX,GS,0.15456953,-0.079851976
2008-11-07,SPX,GS,0.0284462,-0.03710184
2008-11-07,SPTR,GS,0.02879263,-0.03710184
2008-11-07,VIX,GS,-0.12673473,-0.03710184
2008-11-10,SPX,GS,-0.01273393,-0.088251054
2008-11-10,SPTR,GS,-0.01260336,-0.088251054
2008-11-10,VIX,GS,0.06687536,-0.088251054
2008-11-11,SPX,GS,-0.02228719,0.047578955
2008-11-11,SPTR,GS,-0.02228026,0.047578955
2008-11-11,VIX,GS,0.02404992,0.047578955
2008-11-12,SPX,GS,-0.05328884,-0.1116592
2008-11-12,SPTR,GS,-0.05283494,-0.1116592
2008-11-12,VIX,GS,0.07853917,-0.1116592
2008-11-13,SPX,GS,0.0669226,0.046798659
2008-11-13,SPTR,GS,0.06704751,0.046798659
2008-11-13,VIX,GS,-0.10509306,0.046798659
2008-11-14,SPX,GS,-0.04259349,-0.047697661
2008-11-14,SPTR,GS,-0.0424133,-0.047697661
2008-11-14,VIX,GS,0.10283351,-0.047697661
2008-11-17,SPX,GS,-0.02614938,-0.06564847
2008-11-17,SPTR,GS,-0.02610913,-0.06564847
2008-11-17,VIX,GS,0.04193734,-0.06564847
2008-11-18,SPX,GS,0.0097903,-0.007388226
2008-11-18,SPTR,GS,0.0099842,-0.007388226
2008-11-18,VIX,GS,-0.02207853,-0.007388226
2008-11-19,SPX,GS,-0.06310552,-0.117017079
2008-11-19,SPTR,GS,-0.06299649,-0.117017079
2008-11-19,VIX,GS,0.09337293,-0.117017079
2008-11-20,SPX,GS,-0.06948183,-0.0593573
2008-11-20,SPTR,GS,-0.06943494,-0.0593573
2008-11-20,VIX,GS,0.08514682,-0.0593573
2008-11-21,SPX,GS,0.06132797,0.024879912
2008-11-21,SPTR,GS,0.06154004,0.024879912
2008-11-21,VIX,GS,-0.10679062,0.024879912
2008-11-24,SPX,GS,0.06271427,0.234817544
2008-11-24,SPTR,GS,0.06273732,0.234817544
2008-11-24,VIX,GS,-0.11616744,0.234817544
2008-11-25,SPX,GS,0.00652939,0.062663953
2008-11-25,SPTR,GS,0.00668148,0.062663953
2008-11-25,VIX,GS,-0.06052803,0.062663953
2008-11-26,SPX,GS,0.03471843,0.063684406
2008-11-26,SPTR,GS,0.03510213,0.063684406
2008-11-26,VIX,GS,-0.10335559,0.063684406
2008-11-28,SPX,GS,0.00959692,0.032030502
2008-11-28,SPTR,GS,0.00962761,0.032030502
2008-11-28,VIX,GS,0.0065336,0.032030502
2008-12-01,SPX,GS,-0.09353656,-0.183308844
2008-12-01,SPTR,GS,-0.0934671,-0.183308844
2008-12-01,VIX,GS,0.21456854,-0.183308844
2008-12-02,SPX,GS,0.03916369,-0.011624301
2008-12-02,SPTR,GS,0.03923637,-0.011624301
2008-12-02,VIX,GS,-0.0841625,-0.011624301
2008-12-03,SPX,GS,0.02550806,0.058994117
2008-12-03,SPTR,GS,0.0260402,0.058994117
2008-12-03,VIX,GS,-0.03654408,0.058994117
2008-12-04,SPX,GS,-0.02974648,-0.020810035
2008-12-04,SPTR,GS,-0.02970165,-0.020810035
2008-12-04,VIX,GS,0.04696907,-0.020810035
2008-12-05,SPX,GS,0.03584905,0.046156222
2008-12-05,SPTR,GS,0.03586911,0.046156222
2008-12-05,VIX,GS,-0.06006499,0.046156222
2008-12-08,SPX,GS,0.03766888,0.08702321
2008-12-08,SPTR,GS,0.03784243,0.08702321
2008-12-08,VIX,GS,-0.02432142,0.08702321
2008-12-09,SPX,GS,-0.02338891,-0.058448304
2008-12-09,SPTR,GS,-0.02335912,-0.058448304
2008-12-09,VIX,GS,0.00715506,-0.058448304
2008-12-10,SPX,GS,0.011824,-0.017186851
2008-12-10,SPTR,GS,0.0119268,-0.017186851
2008-12-10,VIX,GS,-0.05549225,-0.017186851
2008-12-11,SPX,GS,-0.0289388,-0.025773296
2008-12-11,SPTR,GS,-0.02866455,-0.025773296
2008-12-11,VIX,GS,0.00089678,-0.025773296
2008-12-12,SPX,GS,0.00700388,-0.028667
2008-12-12,SPTR,GS,0.00701286,-0.028667
2008-12-12,VIX,GS,-0.02725955,-0.028667
2008-12-15,SPX,GS,-0.01276686,-0.019076811
2008-12-15,SPTR,GS,-0.01271969,-0.019076811
2008-12-15,VIX,GS,0.04467602,-0.019076811
2008-12-16,SPX,GS,0.05008483,0.134133087
2008-12-16,SPTR,GS,0.05008795,0.134133087
2008-12-16,VIX,GS,-0.08049794,0.134133087
2008-12-17,SPX,GS,-0.00963916,0.035925868
2008-12-17,SPTR,GS,-0.00958857,0.035925868
2008-12-17,VIX,GS,-0.04951603,0.035925868
2008-12-18,SPX,GS,-0.02138988,0.015992437
2008-12-18,SPTR,GS,-0.02134992,0.015992437
2008-12-18,VIX,GS,-0.05146227,0.015992437
2008-12-19,SPX,GS,0.00293262,0.008459121
2008-12-19,SPTR,GS,0.00295025,0.008459121
2008-12-19,VIX,GS,-0.05224988,0.008459121
2008-12-22,SPX,GS,-0.01847158,-0.047304418
2008-12-22,SPTR,GS,-0.01837533,-0.047304418
2008-12-22,VIX,GS,-0.00826913,-0.047304418
2008-12-23,SPX,GS,-0.00976495,-0.023654577
2008-12-23,SPTR,GS,-0.00956995,-0.023654577
2008-12-23,VIX,GS,0.01027024,-0.023654577
2008-12-24,SPX,GS,0.00576444,0.016354533
2008-12-24,SPTR,GS,0.00623539,0.016354533
2008-12-24,VIX,GS,-0.0048987,0.016354533
2008-12-26,SPX,GS,0.00534192,-0.006167983
2008-12-26,SPTR,GS,0.00533625,-0.006167983
2008-12-26,VIX,GS,-0.03220963,-0.006167983
2008-12-29,SPX,GS,-0.00388011,0.007736
2008-12-29,SPTR,GS,-0.00354956,0.007736
2008-12-29,VIX,GS,0.01191582,0.007736
2008-12-30,SPX,GS,0.02411398,0.069375865
2008-12-30,SPTR,GS,0.0243051,0.069375865
2008-12-30,VIX,GS,-0.05309326,0.069375865
2008-12-31,SPX,GS,0.01405907,0.027998362
2008-12-31,SPTR,GS,0.0140866,0.027998362
2008-12-31,VIX,GS,-0.03994161,0.027998362
2009-01-02,SPX,GS,0.03111883,0.027696876
2009-01-02,SPTR,GS,0.03129509,0.027696876
2009-01-02,VIX,GS,-0.02045784,0.027696876
2009-01-05,SPX,GS,-0.00467932,0.023016086
2009-01-05,SPTR,GS,-0.00465272,0.023016086
2009-01-05,VIX,GS,-0.00281079,0.023016086
2009-01-06,SPX,GS,0.00778674,-0.000788311
2009-01-06,SPTR,GS,0.00778289,-0.000788311
2009-01-06,VIX,GS,-0.01339536,-0.000788311
2009-01-07,SPX,GS,-0.03046913,-0.048621078
2009-01-07,SPTR,GS,-0.02989177,-0.048621078
2009-01-07,VIX,GS,0.11801353,-0.048621078
2009-01-08,SPX,GS,0.00339136,0.010711427
2009-01-08,SPTR,GS,0.0034355,0.010711427
2009-01-08,VIX,GS,-0.01931416,0.010711427
2009-01-09,SPX,GS,-0.02153321,-0.017598957
2009-01-09,SPTR,GS,-0.02152523,-0.017598957
2009-01-09,VIX,GS,0.00609044,-0.017598957
2009-01-12,SPX,GS,-0.02282263,-0.077395215
2009-01-12,SPTR,GS,-0.0228221,-0.077395215
2009-01-12,VIX,GS,0.06815179,-0.077395215
2009-01-13,SPX,GS,0.00175655,0.00321383
2009-01-13,SPTR,GS,0.00182408,0.00321383
2009-01-13,VIX,GS,-0.05769752,0.00321383
2009-01-14,SPX,GS,-0.03403248,-0.029036509
2009-01-14,SPTR,GS,-0.03393872,-0.029036509
2009-01-14,VIX,GS,0.12721381,-0.029036509
2009-01-15,SPX,GS,0.00132831,-0.02488098
2009-01-15,SPTR,GS,0.00136332,-0.02488098
2009-01-15,VIX,GS,0.03715227,-0.02488098
2009-01-16,SPX,GS,0.00753313,-0.010621206
2009-01-16,SPTR,GS,0.00753718,-0.010621206
2009-01-16,VIX,GS,-0.10079579,-0.010621206
2009-01-20,SPX,GS,-0.05426198,-0.21022239
2009-01-20,SPTR,GS,-0.05425047,-0.21022239
2009-01-20,VIX,GS,0.20586214,-0.21022239
2009-01-21,SPX,GS,0.04257203,0.166143901
2009-01-21,SPTR,GS,0.04279584,0.166143901
2009-01-21,VIX,GS,-0.19916159,0.166143901
2009-01-22,SPX,GS,-0.01527846,0.016036722
2009-01-22,SPTR,GS,-0.01525474,0.016036722
2009-01-22,VIX,GS,0.01856846,0.016036722
2009-01-23,SPX,GS,0.00536324,0.053185254
2009-01-23,SPTR,GS,0.00537104,0.053185254
2009-01-23,VIX,GS,-0.00042301,0.053185254
2009-01-26,SPX,GS,0.00553786,-0.009523202
2009-01-26,SPTR,GS,0.00554423,-0.009523202
2009-01-26,VIX,GS,-0.03399639,-0.009523202
2009-01-27,SPX,GS,0.01086631,0.053272484
2009-01-27,SPTR,GS,0.01086202,0.053272484
2009-01-27,VIX,GS,-0.0782751,0.053272484
2009-01-28,SPX,GS,0.03300683,0.113884781
2009-01-28,SPTR,GS,0.0331321,0.113884781
2009-01-28,VIX,GS,-0.06326123,0.113884781
2009-01-29,SPX,GS,-0.03368105,-0.058459966
2009-01-29,SPTR,GS,-0.03360865,-0.058459966
2009-01-29,VIX,GS,0.07221511,-0.058459966
2009-01-30,SPX,GS,-0.02305281,-0.024351096
2009-01-30,SPTR,GS,-0.02305041,-0.024351096
2009-01-30,VIX,GS,0.05054237,-0.024351096
2009-02-02,SPX,GS,-0.00053291,0.034574359
2009-02-02,SPTR,GS,-0.000524,0.034574359
2009-02-02,VIX,GS,0.01505119,0.034574359
2009-02-03,SPX,GS,0.01570993,-0.009135603
2009-02-03,SPTR,GS,0.0157216,-0.009135603
2009-02-03,VIX,GS,-0.0555573,-0.009135603
2009-02-04,SPX,GS,-0.00751766,0.060446724
2009-02-04,SPTR,GS,-0.00677402,0.060446724
2009-02-04,VIX,GS,0.01818023,0.060446724
2009-02-05,SPX,GS,0.01623319,0.053989008
2009-02-05,SPTR,GS,0.01630074,0.053989008
2009-02-05,VIX,GS,-0.00274035,0.053989008
2009-02-06,SPX,GS,0.02654068,0.039283211
2009-02-06,SPTR,GS,0.02694315,0.039283211
2009-02-06,VIX,GS,-0.00826641,0.039283211
2009-02-09,SPX,GS,0.00148405,0.013576422
2009-02-09,SPTR,GS,0.00152126,0.013576422
2009-02-09,VIX,GS,0.0062062,0.013576422
2009-02-10,SPX,GS,-0.05036862,-0.079599639
2009-02-10,SPTR,GS,-0.05034201,-0.079599639
2009-02-10,VIX,GS,0.0671274,-0.079599639
2009-02-11,SPX,GS,0.00792346,0.046575332
2009-02-11,SPTR,GS,0.00835663,0.046575332
2009-02-11,VIX,GS,-0.04693844,0.046575332
2009-02-12,SPX,GS,0.00173764,0.009144065
2009-02-12,SPTR,GS,0.00196833,0.009144065
2009-02-12,VIX,GS,-0.07651201,0.009144065
2009-02-13,SPX,GS,-0.01004804,0.009060826
2009-02-13,SPTR,GS,-0.00992783,0.009060826
2009-02-13,VIX,GS,0.03991977,0.009060826
2009-02-17,SPX,GS,-0.04662945,-0.118055198
2009-02-17,SPTR,GS,-0.04644371,-0.118055198
2009-02-17,VIX,GS,0.12528646,-0.118055198
2009-02-18,SPX,GS,-0.00095082,-0.014217593
2009-02-18,SPTR,GS,-0.00075524,-0.014217593
2009-02-18,VIX,GS,-0.00411862,-0.014217593
2009-02-19,SPX,GS,-0.01209692,0.017712209
2009-02-19,SPTR,GS,-0.01143485,0.017712209
2009-02-19,VIX,GS,-0.02889043,0.017712209
2009-02-20,SPX,GS,-0.01147857,-0.011145885
2009-02-20,SPTR,GS,-0.0112642,-0.011145885
2009-02-20,VIX,GS,0.0460758,-0.011145885
2009-02-23,SPX,GS,-0.03531536,-0.05491458
2009-02-23,SPTR,GS,-0.03528665,-0.05491458
2009-02-23,VIX,GS,0.0651722,-0.05491458
2009-02-24,SPX,GS,0.03932005,0.149483233
2009-02-24,SPTR,GS,0.03932999,0.149483233
2009-02-24,VIX,GS,-0.14560375,0.149483233
2009-02-25,SPX,GS,-0.01071504,-0.033463717
2009-02-25,SPTR,GS,-0.01047103,-0.033463717
2009-02-25,VIX,GS,-0.01819039,-0.033463717
2009-02-26,SPX,GS,-0.01590567,0.024497472
2009-02-26,SPTR,GS,-0.01568832,0.024497472
2009-02-26,VIX,GS,-0.00022389,0.024497472
2009-02-27,SPX,GS,-0.0238465,-0.011678934
2009-02-27,SPTR,GS,-0.02381414,-0.011678934
2009-02-27,VIX,GS,0.03714305,-0.011678934
2009-03-02,SPX,GS,-0.04774186,-0.054256628
2009-03-02,SPTR,GS,-0.04772873,-0.054256628
2009-03-02,VIX,GS,0.12744495,-0.054256628
2009-03-03,SPX,GS,-0.00642739,-0.046260716
2009-03-03,SPTR,GS,-0.00642149,-0.046260716
2009-03-03,VIX,GS,-0.0332141,-0.046260716
2009-03-04,SPX,GS,0.02347539,0.036944085
2009-03-04,SPTR,GS,0.02384206,0.036944085
2009-03-04,VIX,GS,-0.06846007,0.036944085
2009-03-05,SPX,GS,-0.04346329,-0.044866621
2009-03-05,SPTR,GS,-0.04338942,-0.044866621
2009-03-05,VIX,GS,0.05342517,-0.044866621
2009-03-06,SPX,GS,0.00121529,-0.077181305
2009-03-06,SPTR,GS,0.00146763,-0.077181305
2009-03-06,VIX,GS,-0.01688482,-0.077181305
2009-03-09,SPX,GS,-0.01007428,-0.022728343
2009-03-09,SPTR,GS,-0.00996086,-0.022728343
2009-03-09,VIX,GS,0.00707002,-0.022728343
2009-03-10,SPX,GS,0.06171871,0.142551093
2009-03-10,SPTR,GS,0.06178877,0.142551093
2009-03-10,VIX,GS,-0.11303887,0.142551093
2009-03-11,SPX,GS,0.00244282,0.080078399
2009-03-11,SPTR,GS,0.00278023,0.080078399
2009-03-11,VIX,GS,-0.01727708,0.080078399
2009-03-12,SPX,GS,0.03992107,0.051266144
2009-03-12,SPTR,GS,0.04010281,0.051266144
2009-03-12,VIX,GS,-0.05733378,0.051266144
2009-03-13,SPX,GS,0.00770924,0.015812324
2009-03-13,SPTR,GS,0.00773972,0.015812324
2009-03-13,VIX,GS,0.02825182,0.015812324
2009-03-16,SPX,GS,-0.00352216,-0.050867069
2009-03-16,SPTR,GS,-0.00350155,-0.050867069
2009-03-16,VIX,GS,0.0320585,-0.050867069
2009-03-17,SPX,GS,0.03163429,0.052788826
2009-03-17,SPTR,GS,0.03164543,0.052788826
2009-03-17,VIX,GS,-0.06958093,0.052788826
2009-03-18,SPX,GS,0.02064342,0.061319909
2009-03-18,SPTR,GS,0.02067753,0.061319909
2009-03-18,VIX,GS,-0.01830375,0.061319909
2009-03-19,SPX,GS,-0.01306413,-0.058192831
2009-03-19,SPTR,GS,-0.01306234,-0.058192831
2009-03-19,VIX,GS,0.086512,-0.058192831
2009-03-20,SPX,GS,-0.01996743,-0.020141485
2009-03-20,SPTR,GS,-0.01993879,-0.020141485
2009-03-20,VIX,GS,0.0493569,-0.020141485
2009-03-23,SPX,GS,0.06836638,0.139868893
2009-03-23,SPTR,GS,0.06856826,0.139868893
2009-03-23,VIX,GS,-0.05971253,0.139868893
2009-03-24,SPX,GS,-0.02062638,-0.011953155
2009-03-24,SPTR,GS,-0.02059685,-0.011953155
2009-03-24,VIX,GS,-0.00696382,-0.011953155
2009-03-25,SPX,GS,0.00958032,0.021025409
2009-03-25,SPTR,GS,0.00958844,0.021025409
2009-03-25,VIX,GS,-0.01596653,0.021025409
2009-03-26,SPX,GS,0.02305263,-0.008535322
2009-03-26,SPTR,GS,0.02306113,-0.008535322
2009-03-26,VIX,GS,-0.04576516,-0.008535322
2009-03-27,SPX,GS,-0.02052474,-0.035538062
2009-03-27,SPTR,GS,-0.02035286,-0.035538062
2009-03-27,VIX,GS,0.01670801,-0.035538062
2009-03-30,SPX,GS,-0.03543936,-0.073111699
2009-03-30,SPTR,GS,-0.03538068,-0.073111699
2009-03-30,VIX,GS,0.10404386,-0.073111699
2009-03-31,SPX,GS,0.01304421,0.053867728
2009-03-31,SPTR,GS,0.01304081,0.053867728
2009-03-31,VIX,GS,-0.03122466,0.053867728
2009-04-01,SPX,GS,0.01642102,0.039485101
2009-04-01,SPTR,GS,0.01660871,0.039485101
2009-04-01,VIX,GS,-0.04305224,0.039485101
2009-04-02,SPX,GS,0.02832224,0.035012834
2009-04-02,SPTR,GS,0.02837949,0.035012834
2009-04-02,VIX,GS,-0.00569262,0.035012834
2009-04-03,SPX,GS,0.00968473,0.044352714
2009-04-03,SPTR,GS,0.00970452,0.044352714
2009-04-03,VIX,GS,-0.05727036,0.044352714
2009-04-06,SPX,GS,-0.00836725,-0.023301381
2009-04-06,SPTR,GS,-0.00831101,-0.023301381
2009-04-06,VIX,GS,0.0305121,-0.023301381
2009-04-07,SPX,GS,-0.02414368,-0.004897976
2009-04-07,SPTR,GS,-0.02349365,-0.004897976
2009-04-07,VIX,GS,-0.01328106,-0.004897976
2009-04-14,SPX,GS,-0.02026854,-0.122799472
2009-04-14,SPTR,GS,-0.02024556,-0.122799472
2009-04-14,VIX,GS,-0.0037096,-0.122799472
2009-06-16,SPX,GS,-0.0128019,0.008008843
2009-06-16,SPTR,GS,-0.01280066,0.008008843
2009-06-16,VIX,GS,0.05892396,0.008008843
2009-06-17,SPX,GS,-0.00138258,-0.031212068
2009-06-17,SPTR,GS,-0.00136305,-0.031212068
2009-06-17,VIX,GS,-0.03550669,-0.031212068
2009-06-18,SPX,GS,0.00837584,0.023761447
2009-06-18,SPTR,GS,0.0085188,0.023761447
2009-06-18,VIX,GS,-0.0490597,0.023761447
2009-06-19,SPX,GS,0.00310937,0.000279961
2009-06-19,SPTR,GS,0.00310558,0.000279961
2009-06-19,VIX,GS,-0.07034958,0.000279961
2009-06-22,SPX,GS,-0.03107836,-0.043699046
2009-06-22,SPTR,GS,-0.03091711,-0.043699046
2009-06-22,VIX,GS,0.10760879,-0.043699046
2009-06-23,SPX,GS,0.00230407,0.030052855
2009-06-23,SPTR,GS,0.0023181,0.030052855
2009-06-23,VIX,GS,-0.01910989,0.030052855
2009-06-24,SPX,GS,0.00650322,0.010287898
2009-06-24,SPTR,GS,0.00653142,0.010287898
2009-06-24,VIX,GS,-0.05132772,0.010287898
2009-06-25,SPX,GS,0.02121758,0.012400791
2009-06-25,SPTR,GS,0.02122127,0.012400791
2009-06-25,VIX,GS,-0.09717077,0.012400791
2009-06-26,SPX,GS,-0.00147894,0.015867444
2009-06-26,SPTR,GS,-0.00126349,0.015867444
2009-06-26,VIX,GS,-0.01644711,0.015867444
2009-06-29,SPX,GS,0.00902434,0.017697472
2009-06-29,SPTR,GS,0.00905254,0.017697472
2009-06-29,VIX,GS,-0.02262187,0.017697472
2009-07-27,SPX,GS,0.00297741,-0.005173359
2009-07-27,SPTR,GS,0.00297087,-0.005173359
2009-07-27,VIX,GS,0.05025334,-0.005173359
2009-08-11,SPX,GS,-0.01274094,-0.007134389
2009-08-11,SPTR,GS,-0.01244601,-0.007134389
2009-08-11,VIX,GS,0.0392361,-0.007134389
2009-08-26,SPX,GS,0.00011673,0.006104331
2009-08-26,SPTR,GS,0.00021996,0.006104331
2009-08-26,VIX,GS,0.00120313,0.006104331
2009-09-29,SPX,GS,-0.00223207,0.005900557
2009-09-29,SPTR,GS,-0.00220697,0.005900557
2009-09-29,VIX,GS,0.01238282,0.005900557
2009-09-30,SPX,GS,-0.00333382,0.00418523
2009-09-30,SPTR,GS,-0.00323622,0.00418523
2009-09-30,VIX,GS,0.01653581,0.00418523
2009-10-01,SPX,GS,-0.02609723,-0.029506054
2009-10-01,SPTR,GS,-0.02608845,-0.029506054
2009-10-01,VIX,GS,0.09881827,-0.029506054
2009-10-02,SPX,GS,-0.00451569,0.003458014
2009-10-02,SPTR,GS,-0.00447085,0.003458014
2009-10-02,VIX,GS,0.01439884,0.003458014
2009-10-05,SPX,GS,0.01476545,0.037482665
2009-10-05,SPTR,GS,0.01478158,0.037482665
2009-10-05,VIX,GS,-0.0663067,0.037482665
2009-10-06,SPX,GS,0.01361241,0.002731267
2009-10-06,SPTR,GS,0.01363156,0.002731267
2009-10-06,VIX,GS,-0.04340232,0.002731267
2009-10-07,SPX,GS,0.00270795,0.018545956
2009-10-07,SPTR,GS,0.00323336,0.018545956
2009-10-07,VIX,GS,-0.04049779,0.018545956
2009-10-08,SPX,GS,0.00744212,-0.012201132
2009-10-08,SPTR,GS,0.00744307,-0.012201132
2009-10-08,VIX,GS,-0.02046735,-0.012201132
2009-10-09,SPX,GS,0.0056248,0.005987042
2009-10-09,SPTR,GS,0.00564859,0.005987042
2009-10-09,VIX,GS,-0.0448278,0.005987042
2009-10-12,SPX,GS,0.00437682,0.00447995
2009-10-12,SPTR,GS,0.00437649,0.00447995
2009-10-12,VIX,GS,-0.00476914,0.00447995
2009-10-16,SPX,GS,-0.00813102,-0.022842924
2009-10-16,SPTR,GS,-0.00812672,-0.022842924
2009-10-16,VIX,GS,-0.01344169,-0.022842924
2009-11-20,SPX,GS,-0.00322008,-0.016451588
2009-11-20,SPTR,GS,-0.00304443,-0.016451588
2009-11-20,VIX,GS,-0.01963472,-0.016451588
2009-12-08,SPX,GS,-0.01030444,-0.012342861
2009-12-08,SPTR,GS,-0.01018054,-0.012342861
2009-12-08,VIX,GS,0.06947541,-0.012342861
2009-12-31,SPX,GS,-0.01010038,0.012755304
2009-12-31,SPTR,GS,-0.01009419,0.012755304
2009-12-31,VIX,GS,0.08265991,0.012755304
2009-12-30,SPX,GS,0.00019533,0.015597721
2009-12-30,SPTR,GS,0.00028666,0.015597721
2009-12-30,VIX,GS,-0.00250188,0.015597721
2009-12-29,SPX,GS,-0.00140197,0.002195588
2009-12-29,SPTR,GS,-0.00122742,0.002195588
2009-12-29,VIX,GS,0.00400601,0.002195588
2009-12-28,SPX,GS,0.00115337,-0.001281821
2009-12-28,SPTR,GS,0.00128562,-0.001281821
2009-12-28,VIX,GS,0.02335132,-0.001281821
2009-12-24,SPX,GS,0.00524239,0.002075844
2009-12-24,SPTR,GS,0.00523979,0.002075844
2009-12-24,VIX,GS,-0.0122513,0.002075844
2009-12-23,SPX,GS,0.00229607,-0.005910432
2009-12-23,SPTR,GS,0.002511,-0.005910432
2009-12-23,VIX,GS,0.00866248,-0.005910432
2009-12-22,SPX,GS,0.00355724,-0.00515024
2009-12-22,SPTR,GS,0.00358075,-0.00515024
2009-12-22,VIX,GS,-0.04747332,-0.00515024
2009-12-21,SPX,GS,0.01044891,0.013753979
2009-12-21,SPTR,GS,0.01046505,0.013753979
2009-12-21,VIX,GS,-0.05645321,0.013753979
2009-12-18,SPX,GS,0.00581294,0.013945311
2009-12-18,SPTR,GS,0.00581917,0.013945311
2009-12-18,VIX,GS,-0.03756948,0.013945311
2009-12-17,SPX,GS,-0.01188083,-0.024915838
2009-12-17,SPTR,GS,-0.0118363,-0.024915838
2009-12-17,VIX,GS,0.09158545,-0.024915838
2009-12-16,SPX,GS,0.00112759,0.013731293
2009-12-16,SPTR,GS,0.00114276,0.013731293
2009-12-16,VIX,GS,-0.04521351,0.013731293
2009-12-15,SPX,GS,-0.00556247,-0.020436408
2009-12-15,SPTR,GS,-0.00556833,-0.020436408
2009-12-15,VIX,GS,0.01594781,-0.020436408
2009-12-14,SPX,GS,0.00693534,0.000601819
2009-12-14,SPTR,GS,0.00697419,0.000601819
2009-12-14,VIX,GS,-0.02059034,0.000601819
2009-12-11,SPX,GS,0.00367628,-0.004387612
2009-12-11,SPTR,GS,0.00384369,-0.004387612
2009-12-11,VIX,GS,-0.03325289,-0.004387612
2009-12-10,SPX,GS,0.0058227,0.001740484
2009-12-10,SPTR,GS,0.00592169,0.001740484
2009-12-10,VIX,GS,-0.01511812,0.001740484
2009-12-09,SPX,GS,0.00366564,0.028026561
2009-12-09,SPTR,GS,0.00377242,0.028026561
2009-12-09,VIX,GS,-0.04445176,0.028026561
2009-12-07,SPX,GS,-0.00247145,-0.020478255
2009-12-07,SPTR,GS,-0.00242588,-0.020478255
2009-12-07,VIX,GS,0.03922071,-0.020478255
2009-12-04,SPX,GS,0.00549437,0.017735787
2009-12-04,SPTR,GS,0.00549883,0.017735787
2009-12-04,VIX,GS,-0.05537905,0.017735787
2009-12-03,SPX,GS,-0.00843765,-0.014262224
2009-12-03,SPTR,GS,-0.00840159,-0.014262224
2009-12-03,VIX,GS,0.06151549,-0.014262224
2009-12-02,SPX,GS,0.00034264,-0.00580381
2009-12-02,SPTR,GS,0.0004696,-0.00580381
2009-12-02,VIX,GS,-0.037179,-0.00580381
2009-12-01,SPX,GS,0.01200292,-0.012037157
2009-12-01,SPTR,GS,0.012054,-0.012037157
2009-12-01,VIX,GS,-0.11168174,-0.012037157
2009-11-30,SPX,GS,0.00378581,0.035015731
2009-11-30,SPTR,GS,0.00388231,0.035015731
2009-11-30,VIX,GS,-0.00934017,0.035015731
2009-11-27,SPX,GS,-0.01738369,-0.028583648
2009-11-27,SPTR,GS,-0.01714192,-0.028583648
2009-11-27,VIX,GS,0.18897257,-0.028583648
2009-11-25,SPX,GS,0.00449403,-0.012998111
2009-11-25,SPTR,GS,0.0046238,-0.012998111
2009-11-25,VIX,GS,0.0004884,-0.012998111
2009-11-24,SPX,GS,-0.00053348,-0.005070835
2009-11-24,SPTR,GS,-0.00047175,-0.005070835
2009-11-24,VIX,GS,-0.03315221,-0.005070835
2009-11-23,SPX,GS,0.01352393,0.011637026
2009-11-23,SPTR,GS,0.01357477,0.011637026
2009-11-23,VIX,GS,-0.04752913,0.011637026
2009-11-19,SPX,GS,-0.01351678,-0.023275792
2009-11-19,SPTR,GS,-0.01351406,-0.023275792
2009-11-19,VIX,GS,0.04519522,-0.023275792
2009-11-18,SPX,GS,-0.00046844,0.001697558
2009-11-18,SPTR,GS,-0.00031509,0.001697558
2009-11-18,VIX,GS,-0.03542605,0.001697558
2009-11-17,SPX,GS,0.00091908,-0.00367374
2009-11-17,SPTR,GS,0.00103769,-0.00367374
2009-11-17,VIX,GS,-0.02119285,-0.00367374
2009-11-16,SPX,GS,0.01436392,0.002768165
2009-11-16,SPTR,GS,0.0145629,0.002768165
2009-11-16,VIX,GS,-0.02032502,0.002768165
2009-11-13,SPX,GS,0.0057229,-0.009683736
2009-11-13,SPTR,GS,0.0057317,-0.009683736
2009-11-13,VIX,GS,-0.036979,-0.009683736
2009-11-12,SPX,GS,-0.01031234,-0.007647165
2009-11-12,SPTR,GS,-0.01017219,-0.007647165
2009-11-12,VIX,GS,0.05077233,-0.007647165
2009-11-11,SPX,GS,0.00501936,0.018746187
2009-11-11,SPTR,GS,0.00501274,0.018746187
2009-11-11,VIX,GS,0.00871845,0.018746187
2009-11-10,SPX,GS,-0.00006404,-0.000340058
2009-11-10,SPTR,GS,0.00019212,-0.000340058
2009-11-10,VIX,GS,-0.0134814,-0.000340058
2009-11-09,SPX,GS,0.02199517,0.027503293
2009-11-09,SPTR,GS,0.02223919,0.027503293
2009-11-09,VIX,GS,-0.04394454,0.027503293
2009-11-06,SPX,GS,0.00250008,-0.00938692
2009-11-06,SPTR,GS,0.00263549,-0.00938692
2009-11-06,VIX,GS,-0.04999026,-0.00938692
2009-11-05,SPX,GS,0.01905288,0.022748285
2009-11-05,SPTR,GS,0.01916044,0.022748285
2009-11-05,VIX,GS,-0.0862246,0.022748285
2009-11-04,SPX,GS,0.00104211,-0.012371209
2009-11-04,SPTR,GS,0.00139429,-0.012371209
2009-11-04,VIX,GS,-0.03856838,-0.012371209
2009-11-03,SPX,GS,0.00242304,0.005434208
2009-11-03,SPTR,GS,0.00242745,0.005434208
2009-11-03,VIX,GS,-0.03311448,0.005434208
2009-11-02,SPX,GS,0.00643559,0.002992518
2009-11-02,SPTR,GS,0.00643787,0.002992518
2009-11-02,VIX,GS,-0.03009984,0.002992518
2009-10-30,SPX,GS,-0.02846599,-0.048239016
2009-10-30,SPTR,GS,-0.02845924,-0.048239016
2009-10-30,VIX,GS,0.21470742,-0.048239016
2009-10-29,SPX,GS,0.02227014,0.036612507
2009-10-29,SPTR,GS,0.02235151,0.036612507
2009-10-29,VIX,GS,-0.1197556,0.036612507
2009-10-28,SPX,GS,-0.01973436,-0.036780174
2009-10-28,SPTR,GS,-0.01959878,-0.036780174
2009-10-28,VIX,GS,0.11693245,-0.036780174
2009-10-27,SPX,GS,-0.00332339,-0.004246002
2009-10-27,SPTR,GS,-0.00331893,-0.004246002
2009-10-27,VIX,GS,0.02116481,-0.004246002
2009-10-26,SPX,GS,-0.01178649,-0.00550412
2009-10-26,SPTR,GS,-0.01178122,-0.00550412
2009-10-26,VIX,GS,0.08764731,-0.00550412
2009-10-23,SPX,GS,-0.01225326,-0.018294325
2009-10-23,SPTR,GS,-0.01225036,-0.018294325
2009-10-23,VIX,GS,0.07358999,-0.018294325
2009-10-22,SPX,GS,0.01058737,0.024412573
2009-10-22,SPTR,GS,0.01065299,0.024412573
2009-10-22,VIX,GS,-0.07134229,0.024412573
2009-10-21,SPX,GS,-0.0088932,-0.031302862
2009-10-21,SPTR,GS,-0.00875025,-0.031302862
2009-10-21,VIX,GS,0.06124363,-0.031302862
2009-10-20,SPX,GS,-0.00625867,-0.002915245
2009-10-20,SPTR,GS,-0.00623607,-0.002915245
2009-10-20,VIX,GS,-0.02783855,-0.002915245
2009-10-19,SPX,GS,0.00936139,0.006110294
2009-10-19,SPTR,GS,0.00935671,0.006110294
2009-10-19,VIX,GS,0.0027959,0.006110294
2009-10-15,SPX,GS,0.00414882,-0.01916549
2009-10-15,SPTR,GS,0.00414497,-0.01916549
2009-10-15,VIX,GS,-0.05115516,-0.01916549
2009-10-14,SPX,GS,0.01739367,0.026614667
2009-10-14,SPTR,GS,0.01743297,0.026614667
2009-10-14,VIX,GS,-0.00567068,0.026614667
2009-10-13,SPX,GS,-0.0027915,-0.015475124
2009-10-13,SPTR,GS,-0.00272447,-0.015475124
2009-10-13,VIX,GS,-0.00086957,-0.015475124
2009-09-28,SPX,GS,0.01765288,0.016574875
2009-09-28,SPTR,GS,0.01782755,0.016574875
2009-09-28,VIX,GS,-0.02891863,0.016574875
2009-09-25,SPX,GS,-0.00610934,-0.019638581
2009-09-25,SPTR,GS,-0.00610915,-0.019638581
2009-09-25,VIX,GS,0.02610908,-0.019638581
2009-09-24,SPX,GS,-0.00955658,-0.003162997
2009-09-24,SPTR,GS,-0.00941939,-0.003162997
2009-09-24,VIX,GS,0.06029902,-0.003162997
2009-09-23,SPX,GS,-0.01011952,-0.010185699
2009-09-23,SPTR,GS,-0.01011768,-0.010185699
2009-09-23,VIX,GS,0.01760836,-0.010185699
2009-09-22,SPX,GS,0.00655335,0.017015413
2009-09-22,SPTR,GS,0.00658372,0.017015413
2009-09-22,VIX,GS,-0.04158427,0.017015413
2009-09-21,SPX,GS,-0.0034131,-0.004322328
2009-09-21,SPTR,GS,-0.00340897,-0.004322328
2009-09-21,VIX,GS,0.00583578,-0.004322328
2009-09-18,SPX,GS,0.00263381,0.009434356
2009-09-18,SPTR,GS,0.002648,0.009434356
2009-09-18,VIX,GS,0.01135181,0.009434356
2009-09-17,SPX,GS,-0.00306431,0.008801156
2009-09-17,SPTR,GS,-0.00292618,0.008801156
2009-09-17,VIX,GS,-0.0016899,0.008801156
2009-09-16,SPX,GS,0.0152073,0.018006898
2009-09-16,SPTR,GS,0.01523094,0.018006898
2009-09-16,VIX,GS,0.01146266,0.018006898
2009-09-15,SPX,GS,0.0031304,-0.005926527
2009-09-15,SPTR,GS,0.00313868,-0.005926527
2009-09-15,VIX,GS,-0.01861306,-0.005926527
2009-09-14,SPX,GS,0.00631912,0.017083247
2009-09-14,SPTR,GS,0.00633575,0.017083247
2009-09-14,VIX,GS,-0.01208096,0.017083247
2009-09-11,SPX,GS,-0.00135131,-0.000972473
2009-09-11,SPTR,GS,-0.00114033,-0.000972473
2009-09-11,VIX,GS,0.02515856,-0.000972473
2009-09-10,SPX,GS,0.01036827,0.02665751
2009-09-10,SPTR,GS,0.01037799,0.02665751
2009-09-10,VIX,GS,-0.03217324,0.02665751
2009-09-09,SPX,GS,0.00775228,0.018074665
2009-09-09,SPTR,GS,0.00780417,0.018074665
2009-09-09,VIX,GS,-0.05207424,0.018074665
2009-09-08,SPX,GS,0.00880606,0.025743767
2009-09-08,SPTR,GS,0.00896449,0.025743767
2009-09-08,VIX,GS,0.01415118,0.025743767
2009-09-04,SPX,GS,0.01303221,0.008070347
2009-09-04,SPTR,GS,0.01309719,0.008070347
2009-09-04,VIX,GS,-0.07031161,0.008070347
2009-09-03,SPX,GS,0.00849859,0.019488853
2009-09-03,SPTR,GS,0.00857085,0.019488853
2009-09-03,VIX,GS,-0.06430787,0.019488853
2009-09-02,SPX,GS,-0.00330191,-0.01022914
2009-09-02,SPTR,GS,-0.00304816,-0.01022914
2009-09-02,VIX,GS,-0.00861332,-0.01022914
2009-09-01,SPX,GS,-0.02237221,-0.032494267
2009-09-01,SPTR,GS,-0.02233038,-0.032494267
2009-09-01,VIX,GS,0.11397383,-0.032494267
2009-08-31,SPX,GS,-0.00810914,0.006305081
2009-08-31,SPTR,GS,-0.00806486,0.006305081
2009-08-31,VIX,GS,0.04925163,0.006305081
2009-08-28,SPX,GS,-0.00199038,-0.003642626
2009-08-28,SPTR,GS,-0.00184741,-0.003642626
2009-08-28,VIX,GS,0.00323625,-0.003642626
2009-08-27,SPX,GS,0.00277791,-0.005619761
2009-08-27,SPTR,GS,0.00289068,-0.005619761
2009-08-27,VIX,GS,-0.01088062,-0.005619761
2009-08-25,SPX,GS,0.00236661,0.014411651
2009-08-25,SPTR,GS,0.00236974,0.014411651
2009-08-25,VIX,GS,-0.00878951,0.014411651
2009-08-24,SPX,GS,-0.00054589,-0.005704238
2009-08-24,SPTR,GS,-0.00053206,-0.005704238
2009-08-24,VIX,GS,0.00518446,-0.005704238
2009-08-21,SPX,GS,0.01845147,0.009380862
2009-08-21,SPTR,GS,0.01862747,0.009380862
2009-08-21,VIX,GS,-0.00319362,0.009380862
2009-08-20,SPX,GS,0.01088926,0.014895509
2009-08-20,SPTR,GS,0.01094414,0.014895509
2009-08-20,VIX,GS,-0.04557751,0.014895509
2009-08-19,SPX,GS,0.00683744,-0.003432886
2009-08-19,SPTR,GS,0.00696937,-0.003432886
2009-08-19,VIX,GS,0.00305111,-0.003432886
2009-08-18,SPX,GS,0.01009453,0.020332879
2009-08-18,SPTR,GS,0.0102688,0.020332879
2009-08-18,VIX,GS,-0.06327244,0.020332879
2009-08-17,SPX,GS,-0.02455991,-0.034255062
2009-08-17,SPTR,GS,-0.02434634,-0.034255062
2009-08-17,VIX,GS,0.13902718,-0.034255062
2009-08-14,SPX,GS,-0.008568,-0.01069701
2009-08-14,SPTR,GS,-0.00856004,-0.01069701
2009-08-14,VIX,GS,-0.017967,-0.01069701
2009-08-13,SPX,GS,0.00685647,0.004387361
2009-08-13,SPTR,GS,0.00692572,0.004387361
2009-08-13,VIX,GS,-0.02950772,0.004387361
2009-08-12,SPX,GS,0.01145921,0.028115042
2009-08-12,SPTR,GS,0.01182038,0.028115042
2009-08-12,VIX,GS,-0.02099611,0.028115042
2009-08-10,SPX,GS,-0.00335055,-0.020308835
2009-08-10,SPTR,GS,-0.0033198,-0.020308835
2009-08-10,VIX,GS,0.0092463,-0.020308835
2009-08-07,SPX,GS,0.01334974,-0.018765985
2009-08-07,SPTR,GS,0.0133618,-0.018765985
2009-08-07,VIX,GS,-0.03609355,-0.018765985
2009-08-06,SPX,GS,-0.00564058,-0.011270272
2009-08-06,SPTR,GS,-0.00550294,-0.011270272
2009-08-06,VIX,GS,0.03045519,-0.011270272
2009-08-05,SPX,GS,-0.00291779,0.020791354
2009-08-05,SPTR,GS,-0.00257574,0.020791354
2009-08-05,VIX,GS,0.00040169,0.020791354
2009-08-04,SPX,GS,0.00300755,0.006498837
2009-08-04,SPTR,GS,0.00303499,0.006498837
2009-08-04,VIX,GS,-0.02656251,0.006498837
2009-08-03,SPX,GS,0.01522558,0.004887039
2009-08-03,SPTR,GS,0.01522972,0.004887039
2009-08-03,VIX,GS,-0.01398624,0.004887039
2009-07-31,SPX,GS,0.00073953,0.005403375
2009-07-31,SPTR,GS,0.00073027,0.005403375
2009-07-31,VIX,GS,0.0202657,0.005403375
2009-07-30,SPX,GS,0.01182541,0.018517488
2009-07-30,SPTR,GS,0.01195095,0.018517488
2009-07-30,VIX,GS,-0.00823373,0.018517488
2009-07-29,SPX,GS,-0.00457344,-0.006875583
2009-07-29,SPTR,GS,-0.00444677,-0.006875583
2009-07-29,VIX,GS,0.02370716,-0.006875583
2009-07-28,SPX,GS,-0.00260985,-0.020530312
2009-07-28,SPTR,GS,-0.00260247,-0.020530312
2009-07-28,VIX,GS,0.02962278,-0.020530312
2009-07-24,SPX,GS,0.00303751,-0.004421762
2009-07-24,SPTR,GS,0.00303933,-0.004421762
2009-07-24,VIX,GS,-0.01461763,-0.004421762
2009-07-23,SPX,GS,0.02302263,0.030624254
2009-07-23,SPTR,GS,0.02303105,0.030624254
2009-07-23,VIX,GS,-0.00170576,0.030624254
2009-07-22,SPX,GS,-0.00053441,0.004121495
2009-07-22,SPTR,GS,-0.00034861,0.004121495
2009-07-22,VIX,GS,-0.01689943,0.004121495
2009-07-21,SPX,GS,0.0036207,-0.001438033
2009-07-21,SPTR,GS,0.00363454,-0.001438033
2009-07-21,VIX,GS,-0.02196069,-0.001438033
2009-07-20,SPX,GS,0.0113667,0.020134925
2009-07-20,SPTR,GS,0.01137312,0.020134925
2009-07-20,VIX,GS,0.00246205,0.020134925
2009-07-17,SPX,GS,-0.00038275,0
2009-07-17,SPTR,GS,-0.00039153,0
2009-07-17,VIX,GS,-0.04341518,0
2009-07-16,SPX,GS,0.00860464,0.010124573
2009-07-16,SPTR,GS,0.00864533,0.010124573
2009-07-16,VIX,GS,-0.01832053,0.010124573
2009-07-15,SPX,GS,0.02919947,0.036734934
2009-07-15,SPTR,GS,0.02923359,0.036734934
2009-07-15,VIX,GS,0.03418129,0.036734934
2009-07-14,SPX,GS,0.00530194,0.001470918
2009-07-14,SPTR,GS,0.00529665,0.001470918
2009-07-14,VIX,GS,-0.05027359,0.001470918
2009-07-13,SPX,GS,0.02462797,0.051984106
2009-07-13,SPTR,GS,0.02473369,0.051984106
2009-07-13,VIX,GS,-0.09803615,0.051984106
2009-07-10,SPX,GS,-0.00402995,-0.009401052
2009-07-10,SPTR,GS,-0.00403436,-0.009401052
2009-07-10,VIX,GS,-0.02585178,-0.009401052
2009-07-09,SPX,GS,0.00354095,0.033080748
2009-07-09,SPTR,GS,0.00354999,0.033080748
2009-07-09,VIX,GS,-0.04978107,0.033080748
2009-07-08,SPX,GS,-0.0016699,-0.028391244
2009-07-08,SPTR,GS,-0.00107523,-0.028391244
2009-07-08,VIX,GS,0.01448135,-0.028391244
2009-07-07,SPX,GS,-0.01987985,-0.027129705
2009-07-07,SPTR,GS,-0.01987437,-0.027129705
2009-07-07,VIX,GS,0.06184092,-0.027129705
2009-07-06,SPX,GS,0.00256248,0.020486707
2009-07-06,SPTR,GS,0.00258593,0.020486707
2009-07-06,VIX,GS,0.03687863,0.020486707
2009-07-02,SPX,GS,-0.02957765,-0.026341922
2009-07-02,SPTR,GS,-0.02955021,-0.026341922
2009-07-02,VIX,GS,0.06389472,-0.026341922
2009-07-01,SPX,GS,0.00435243,-0.000814331
2009-07-01,SPTR,GS,0.0044612,-0.000814331
2009-07-01,VIX,GS,-0.0049458,-0.000814331
2009-06-30,SPX,GS,-0.00856738,-0.012938341
2009-06-30,SPTR,GS,-0.0084813,-0.012938341
2009-06-30,VIX,GS,0.03868955,-0.012938341
2009-06-15,SPX,GS,-0.02405554,-0.018223036
2009-06-15,SPTR,GS,-0.02405031,-0.018223036
2009-06-15,VIX,GS,0.09029196,-0.018223036
2009-06-12,SPX,GS,0.00139601,0.003370314
2009-06-12,SPTR,GS,0.00142542,0.003370314
2009-06-12,VIX,GS,0.00142197,0.003370314
2009-06-11,SPX,GS,0.00609331,-0.010485784
2009-06-11,SPTR,GS,0.00634944,-0.010485784
2009-06-11,VIX,GS,-0.01237421,-0.010485784
2009-06-10,SPX,GS,-0.00348644,-0.017770973
2009-06-10,SPTR,GS,-0.00344168,-0.017770973
2009-06-10,VIX,GS,0.00669842,-0.017770973
2009-06-09,SPX,GS,0.00349708,0.006450153
2009-06-09,SPTR,GS,0.00355281,0.006450153
2009-06-09,VIX,GS,-0.0517,0.006450153
2009-06-08,SPX,GS,-0.00101105,-0.004438837
2009-06-08,SPTR,GS,-0.00080316,-0.004438837
2009-06-08,VIX,GS,0.00505137,-0.004438837
2009-06-05,SPX,GS,-0.00251786,-0.003082747
2009-06-05,SPTR,GS,-0.00246232,-0.003082747
2009-06-05,VIX,GS,-0.01872965,-0.003082747
2009-06-04,SPX,GS,0.01141821,0.050212961
2009-06-04,SPTR,GS,0.01161094,0.050212961
2009-06-04,VIX,GS,-0.0274527,0.050212961
2009-06-03,SPX,GS,-0.01383449,-0.006870548
2009-06-03,SPTR,GS,-0.01363029,-0.006870548
2009-06-03,VIX,GS,0.0458448,-0.006870548
2009-06-02,SPX,GS,0.00198134,-0.008348754
2009-06-02,SPTR,GS,0.00197894,-0.008348754
2009-06-02,VIX,GS,-0.01374247,-0.008348754
2009-06-01,SPX,GS,0.02548997,-0.001661379
2009-06-01,SPTR,GS,0.02553014,-0.001661379
2009-06-01,VIX,GS,0.03799643,-0.001661379
2009-05-29,SPX,GS,0.01348345,-0.000553153
2009-05-29,SPTR,GS,0.01348044,-0.000553153
2009-05-29,VIX,GS,-0.09083646,-0.000553153
2009-05-28,SPX,GS,0.01530123,0.032602709
2009-05-28,SPTR,GS,0.01546996,0.032602709
2009-05-28,VIX,GS,-0.02155323,0.032602709
2009-05-27,SPX,GS,-0.0191534,-0.014465117
2009-05-27,SPTR,GS,-0.018964,-0.014465117
2009-05-27,VIX,GS,0.0552697,-0.014465117
2009-05-26,SPX,GS,0.02596219,0.040953826
2009-05-26,SPTR,GS,0.02596438,0.040953826
2009-05-26,VIX,GS,-0.06357872,0.040953826
2009-05-22,SPX,GS,-0.00149831,-0.005922503
2009-05-22,SPTR,GS,-0.00147901,-0.005922503
2009-05-22,VIX,GS,0.04001784,-0.005922503
2009-05-21,SPX,GS,-0.01689961,0.007811411
2009-05-21,SPTR,GS,-0.01660145,0.007811411
2009-05-21,VIX,GS,0.07688449,0.007811411
2009-05-20,SPX,GS,-0.00514464,-0.033938449
2009-05-20,SPTR,GS,-0.00506652,-0.033938449
2009-05-20,VIX,GS,0.00795439,-0.033938449
2009-05-19,SPX,GS,-0.00173833,-0.014069513
2009-05-19,SPTR,GS,-0.00155809,-0.014069513
2009-05-19,VIX,GS,-0.04879016,-0.014069513
2009-05-18,SPX,GS,0.02993658,0.063072447
2009-05-18,SPTR,GS,0.03002776,0.063072447
2009-05-18,VIX,GS,-0.09097178,0.063072447
2009-05-15,SPX,GS,-0.01147567,0.005970143
2009-05-15,SPTR,GS,-0.01129729,0.005970143
2009-05-15,VIX,GS,0.05428531,0.005970143
2009-05-14,SPX,GS,0.0102984,0.033024634
2009-05-14,SPTR,GS,0.01041783,0.033024634
2009-05-14,VIX,GS,-0.07016103,0.033024634
2009-05-13,SPX,GS,-0.02726321,-0.046481731
2009-05-13,SPTR,GS,-0.0268377,-0.046481731
2009-05-13,VIX,GS,0.05654677,-0.046481731
2009-05-12,SPX,GS,-0.00097932,-0.00272872
2009-05-12,SPTR,GS,-0.0009326,-0.00272872
2009-05-12,VIX,GS,-0.0330941,-0.00272872
2009-05-11,SPX,GS,-0.0217472,-0.027673401
2009-05-11,SPTR,GS,-0.02138819,-0.027673401
2009-05-11,VIX,GS,0.0252632,-0.027673401
2009-05-08,SPX,GS,0.02378394,0.042887061
2009-05-08,SPTR,GS,0.02378681,0.042887061
2009-05-08,VIX,GS,-0.04245561,0.042887061
2009-05-07,SPX,GS,-0.01329032,-0.040232585
2009-05-07,SPTR,GS,-0.01324131,-0.040232585
2009-05-07,VIX,GS,0.03005235,-0.040232585
2009-05-06,SPX,GS,0.01725457,0.029300516
2009-05-06,SPTR,GS,0.01760459,0.029300516
2009-05-06,VIX,GS,-0.02765713,0.029300516
2009-05-05,SPX,GS,-0.00379893,0.007722108
2009-05-05,SPTR,GS,-0.00366885,0.007722108
2009-05-05,VIX,GS,-0.03447093,0.007722108
2009-05-04,SPX,GS,0.03330728,0.054216368
2009-05-04,SPTR,GS,0.0333011,0.054216368
2009-05-04,VIX,GS,-0.02205445,0.054216368
2009-05-01,SPX,GS,0.00538186,-0.011112516
2009-05-01,SPTR,GS,0.00540701,-0.011112516
2009-05-01,VIX,GS,-0.0334293,-0.011112516
2009-04-30,SPX,GS,-0.0009505,0.010325508
2009-04-30,SPTR,GS,-0.00089109,0.010325508
2009-04-30,VIX,GS,0.01157357,0.010325508
2009-04-29,SPX,GS,0.02137981,0.052544062
2009-04-29,SPTR,GS,0.02150332,0.052544062
2009-04-29,VIX,GS,-0.05053081,0.052544062
2009-04-28,SPX,GS,-0.00274426,-0.001903811
2009-04-28,SPTR,GS,-0.00270274,-0.001903811
2009-04-28,VIX,GS,-0.00970245,-0.001903811
2009-04-27,SPX,GS,-0.01011762,-0.00330345
2009-04-27,SPTR,GS,-0.01012193,-0.00330345
2009-04-27,VIX,GS,0.03993078,-0.00330345
2009-04-24,SPX,GS,0.01665784,-0.012371209
2009-04-24,SPTR,GS,0.01665452,-0.012371209
2009-04-24,VIX,GS,-0.0089226,-0.012371209
2009-04-23,SPX,GS,0.00987345,0.019071968
2009-04-23,SPTR,GS,0.00988801,0.019071968
2009-04-23,VIX,GS,-0.02525051,0.019071968
2009-04-22,SPX,GS,-0.00771129,0.001079417
2009-04-22,SPTR,GS,-0.00749676,0.001079417
2009-04-22,VIX,GS,0.02551973,0.001079417
2009-04-21,SPX,GS,0.02102938,0.045468463
2009-04-21,SPTR,GS,0.0210255,0.045468463
2009-04-21,VIX,GS,-0.05347186,0.045468463
2009-04-20,SPX,GS,-0.04373226,-0.047460648
2009-04-20,SPTR,GS,-0.04370333,-0.047460648
2009-04-20,VIX,GS,0.14357215,-0.047460648
2009-04-17,SPX,GS,0.00495707,-0.004879887
2009-04-17,SPTR,GS,0.00495038,-0.004879887
2009-04-17,VIX,GS,-0.05307427,-0.004879887
2009-04-16,SPX,GS,0.01541932,0
2009-04-16,SPTR,GS,0.01545266,0
2009-04-16,VIX,GS,-0.01056152,0
2009-04-15,SPX,GS,0.01247093,0.051471329
2009-04-15,SPTR,GS,0.01248687,0.051471329
2009-04-15,VIX,GS,-0.04063398,0.051471329
2009-04-13,SPX,GS,0.00253019,0.0457484
2009-04-13,SPTR,GS,0.00261481,0.0457484
2009-04-13,VIX,GS,0.03443978,0.0457484
2009-04-09,SPX,GS,0.03734706,0.080183621
2009-04-09,SPTR,GS,0.03736112,0.080183621
2009-04-09,VIX,GS,-0.06157424,0.080183621
2009-04-08,SPX,GS,0.01171458,-0.011524149
2009-04-08,SPTR,GS,0.01173812,-0.011524149
2009-04-08,VIX,GS,-0.03887415,-0.011524149
