Row Labels,Long,Short,Weighted Return Tc
01/03/2005,-0.004495301,0.017879359,0.013384057
01/04/2005,-0.011104339,0.024510388,0.013406048
01/05/2005,-0.014745581,0.008915944,-0.005829637
01/06/2005,0.002718149,0.000669256,0.003387405
01/07/2005,-0.010462318,-0.003420687,-0.013883005
01/10/2005,-0.006003443,-0.000278447,-0.00628189
01/11/2005,-0.023004621,0.027808921,0.0048043
01/12/2005,0.024999878,-0.004634059,0.020365819
01/13/2005,0.001433849,0.005894675,0.007328524
01/14/2005,0.01459357,-0.016933097,-0.002339527
01/18/2005,0.00606646,0.001202449,0.007268909
01/19/2005,-0.006749001,0.001850881,-0.00489812
01/20/2005,-0.016433176,0.020762239,0.004329063
01/21/2005,-0.001453007,0.004153222,0.002700215
01/24/2005,-0.024044244,0.009786762,-0.014257482
01/25/2005,0.002996224,0.001560303,0.004556527
01/26/2005,0.015334776,-0.005803847,0.009530929
01/27/2005,0.007562017,0.009583722,0.017145739
01/28/2005,-0.004661827,0.004780715,0.000118887
01/31/2005,0.010191706,-0.014552663,-0.004360956
02/01/2005,0.003443557,-0.004416763,-0.000973206
02/02/2005,0.01480183,-0.002501652,0.012300178
02/03/2005,-0.003963741,-0.003785879,-0.00774962
02/04/2005,0.010531172,-0.003966087,0.006565086
02/07/2005,0.004676342,0.003574452,0.008250794
02/08/2005,0.001295299,0.004086824,0.005382122
02/09/2005,-0.008737241,0.025443512,0.016706271
02/10/2005,-0.008574303,0.003801312,-0.004772991
02/11/2005,0.005417385,-0.002210124,0.003207262
02/14/2005,0.002121695,-0.006710943,-0.004589248
02/15/2005,-0.009651116,0.013230681,0.003579565
02/16/2005,-0.004596756,-0.003349139,-0.007945895
02/17/2005,-4.76527E-05,0.016511074,0.016463421
02/18/2005,0.002367771,-0.007961351,-0.00559358
02/22/2005,-0.01918888,0.015690901,-0.003497979
02/23/2005,-0.001971228,-0.007296614,-0.009267842
02/24/2005,0.003947939,0.005469804,0.009417743
02/25/2005,0.004651011,-0.007564177,-0.002913166
02/28/2005,-0.012243842,0.000707818,-0.011536024
03/01/2005,0.006500257,0.000681446,0.007181703
03/02/2005,-0.012700236,0.006013158,-0.006687077
03/03/2005,0.000621659,-0.008632606,-0.008010947
03/04/2005,0.000649225,0.009017703,0.009666928
03/07/2005,-0.000186148,-0.006509884,-0.006696032
03/08/2005,0.00493456,0.005782349,0.010716909
03/09/2005,-0.009139474,0.015805573,0.006666098
03/10/2005,0.002790578,0.013225316,0.016015895
03/11/2005,-0.003417863,-0.001119921,-0.004537784
03/14/2005,0.000682305,0.002162232,0.002844536
03/15/2005,0.001492258,0.00728647,0.008778728
03/16/2005,-0.01236491,0.005877569,-0.006487341
03/17/2005,0.000532404,0.002360626,0.00289303
03/18/2005,0.000167993,0.011069163,0.011237156
03/21/2005,-0.006459377,-0.008458392,-0.01491777
03/22/2005,0.012009701,0.01146548,0.023475181
03/23/2005,0.00069991,0.013050546,0.013750456
03/24/2005,0.002029633,-0.011889008,-0.009859375
03/28/2005,-0.00680954,0.002241057,-0.004568482
03/29/2005,-0.01623952,0.024475874,0.008236355
03/30/2005,-7.24598E-05,0.001758064,0.001685605
03/31/2005,0.007840199,-0.010164068,-0.002323869
04/01/2005,-0.004961498,0.005497943,0.000536445
04/04/2005,-0.015808952,0.018258759,0.002449806
04/05/2005,0.010895868,0.006353198,0.017249066
04/06/2005,-0.005354543,0.010589664,0.005235121
04/07/2005,0.015678192,-0.003155291,0.012522901
04/08/2005,0.009131956,0.01352504,0.022656996
04/11/2005,-0.021115494,0.016857299,-0.004258195
04/12/2005,0.002950494,-0.004769734,-0.00181924
04/13/2005,-0.000689356,0.016273433,0.015584077
04/14/2005,-0.001591201,0.017016297,0.015425096
04/15/2005,-0.033138515,0.010583852,-0.022554664
04/18/2005,-0.011960406,0.010058305,-0.0019021
04/19/2005,0.031159306,-0.00589332,0.025265985
04/20/2005,-0.007386139,0.020611118,0.013224979
04/21/2005,-0.002773801,-0.018041095,-0.020814896
04/22/2005,-0.021294518,0.001554846,-0.019739672
04/25/2005,-0.000999714,-0.009106577,-0.010106291
04/26/2005,-0.004809178,0.010974651,0.006165473
04/27/2005,-0.005395252,0.005875678,0.000480426
04/28/2005,-0.023736463,0.015242803,-0.00849366
04/29/2005,0.021498707,-0.004976264,0.016522444
05/02/2005,0.005838268,0.002999032,0.008837299
05/03/2005,0.002013541,0.012013686,0.014027227
05/04/2005,0.018004513,-0.006805273,0.01119924
05/05/2005,-0.001388501,0.004792731,0.00340423
05/06/2005,0.001304859,-0.002599656,-0.001294797
05/09/2005,0.003821422,-0.013157374,-0.009335952
05/10/2005,-0.000945942,0.00299584,0.002049898
05/11/2005,0.003580643,0.016602167,0.020182809
05/12/2005,-0.013234986,0.008043922,-0.005191064
05/13/2005,0.005813646,0.015627755,0.021441402
05/16/2005,-0.003670167,0.001485119,-0.002185049
05/17/2005,0.006394012,0.007366775,0.013760787
05/18/2005,0.018806128,-0.010880237,0.007925891
05/19/2005,-0.001619834,-0.001397447,-0.003017281
05/20/2005,0.000874423,-0.004343498,-0.003469075
05/23/2005,-0.007897883,-0.000458793,-0.008356676
05/24/2005,-0.001519843,0.000200194,-0.001319649
05/25/2005,-0.008149685,0.001684523,-0.006465162
05/26/2005,0.02152247,-0.00995635,0.01156612
05/27/2005,0.005023582,-0.006040617,-0.001017035
05/31/2005,-0.000827082,-0.000647826,-0.001474908
06/01/2005,0.012567983,-0.006232886,0.006335097
06/02/2005,0.011002236,0.004472317,0.015474553
06/03/2005,-0.001890785,0.005857793,0.003967008
06/06/2005,0.019599034,-0.003006518,0.016592516
06/07/2005,-0.012136273,0.008463035,-0.003673238
06/08/2005,-0.003977758,0.008240635,0.004262877
06/09/2005,0.025325179,-0.002552086,0.022773094
06/10/2005,-0.000849182,0.00445008,0.003600899
06/13/2005,-0.009227437,-0.003938059,-0.013165496
06/14/2005,0.011417696,-0.006208632,0.005209065
06/15/2005,0.004606998,-0.002906523,0.001700476
06/16/2005,0.018566471,-0.010147508,0.008418963
06/17/2005,0.008363033,-0.008401906,-3.88735E-05
06/20/2005,0.005944241,-0.002191458,0.003752782
06/21/2005,-0.002292801,-0.004098296,-0.006391097
06/22/2005,-0.002764246,-0.004891583,-0.007655829
06/23/2005,-0.002502507,0.006401531,0.003899024
06/24/2005,-0.000325423,-0.001743013,-0.002068436
06/27/2005,-0.005528201,0.012071944,0.006543743
06/28/2005,0.011966173,-0.010637967,0.001328206
06/29/2005,0.00263211,0.003071516,0.005703626
06/30/2005,-0.002387616,-0.001829566,-0.004217182
07/01/2005,0.00244745,0.002668289,0.005115739
07/05/2005,0.013375745,0.000438716,0.013814462
07/06/2005,-0.001648058,0.002796022,0.001147963
07/07/2005,0.001159787,0.007273441,0.008433228
07/08/2005,0.011538495,-0.001116501,0.010421995
07/11/2005,-0.001226333,-0.008002974,-0.009229307
07/12/2005,-0.000157347,-0.00852222,-0.008679567
07/13/2005,-0.000735163,-0.007433499,-0.008168662
07/14/2005,-0.009160641,0.005057268,-0.004103373
07/15/2005,0.008474413,0.003271319,0.011745731
07/18/2005,0.007029152,-0.002492152,0.004537
07/19/2005,-0.00701373,-0.00796222,-0.01497595
07/20/2005,0.010797915,0.005392538,0.016190453
07/21/2005,0.013351488,0.016962302,0.03031379
07/22/2005,0.010785777,-0.000840398,0.00994538
07/25/2005,-0.01249435,-0.002841301,-0.01533565
07/26/2005,0.005820065,-0.002545281,0.003274784
07/27/2005,0.004398197,0.000983188,0.005381385
07/28/2005,-0.004129982,0.00845477,0.004324788
07/29/2005,0.008796513,-0.008252415,0.000544098
08/01/2005,-5.28121E-05,-0.009347762,-0.009400574
08/02/2005,-0.000499754,0.007152315,0.006652561
08/03/2005,0.00078094,-0.003168948,-0.002388009
08/04/2005,0.011665595,0.009890626,0.021556221
08/05/2005,-0.011917537,0.012193942,0.000276404
08/08/2005,-0.007802022,0.003267322,-0.004534701
08/09/2005,-0.00307472,0.009632254,0.006557534
08/10/2005,0.002982302,0.011030354,0.014012657
08/11/2005,0.006566487,0.002203489,0.008769976
08/12/2005,-0.004508195,0.00347661,-0.001031585
08/15/2005,-0.006917767,0.010565222,0.003647455
08/16/2005,-0.020005336,0.012967209,-0.007038127
08/17/2005,0.012304322,0.002581522,0.014885844
08/18/2005,0.00877488,0.005488919,0.014263799
08/19/2005,0.014119241,-0.002576806,0.011542435
08/22/2005,-5.11741E-05,0.003206304,0.003155129
08/23/2005,0.015650426,0.003837684,0.019488111
08/24/2005,-0.010240565,0.00672979,-0.003510775
08/25/2005,0.001936303,-0.009930699,-0.007994396
08/26/2005,0.004532515,0.003349218,0.007881733
08/29/2005,-9.0006E-05,0.00740708,0.007317074
08/30/2005,-0.004821991,0.006504961,0.00168297
08/31/2005,-0.000253902,-0.02727158,-0.027525481
09/01/2005,-0.007514221,-0.000681943,-0.008196164
09/02/2005,-0.002427788,0.006167452,0.003739664
09/06/2005,0.005185884,-0.014283315,-0.009097431
09/07/2005,0.012115053,0.0029543,0.015069353
09/08/2005,-0.01350106,0.005760516,-0.007740544
09/09/2005,0.010512158,0.003704624,0.014216782
09/12/2005,0.002352792,-0.002655847,-0.000303055
09/13/2005,0.002362441,0.001309011,0.003671452
09/14/2005,0.000331875,0.006140694,0.006472569
09/15/2005,-0.020252563,0.013343123,-0.00690944
09/16/2005,0.013543964,-0.007762957,0.005781007
09/19/2005,-0.007820041,0.003100913,-0.004719128
09/20/2005,0.002623772,0.009793775,0.012417547
09/21/2005,-0.014461756,0.001642491,-0.012819265
09/22/2005,0.002490649,-0.003365554,-0.000874906
09/23/2005,0.015990262,0.001393052,0.017383314
09/26/2005,-0.006981943,0.002718016,-0.004263927
09/27/2005,0.000560943,0.013640972,0.014201915
09/28/2005,0.010421991,0.000453512,0.010875503
09/29/2005,0.006835929,0.010570312,0.017406241
09/30/2005,0.01944936,-0.003609576,0.015839784
10/03/2005,0.003376101,-0.005789329,-0.002413228
10/04/2005,-0.010939741,0.00315928,-0.007780461
10/05/2005,-0.01211038,0.026631697,0.014521317
10/06/2005,-0.016444037,0.017986339,0.001542302
10/07/2005,0.001801373,0.002760373,0.004561746
10/10/2005,-0.026051219,0.009913371,-0.016137848
10/11/2005,-0.015678428,0.007412805,-0.008265623
10/12/2005,-0.013371608,0.02694245,0.013570842
10/13/2005,0.006586376,0.018163552,0.024749928
10/14/2005,0.018823421,-0.004532341,0.01429108
10/17/2005,0.008803232,0.006721252,0.015524484
10/18/2005,-0.004286025,0.0091279,0.004841874
10/19/2005,0.001269342,-0.004654191,-0.003384849
10/20/2005,-0.019795782,0.007687434,-0.012108348
10/21/2005,0.01019157,-0.005675491,0.004516079
10/24/2005,0.010823213,-0.010310769,0.000512444
10/25/2005,0.002821683,-0.001041188,0.001780495
10/26/2005,-0.012402149,-0.001815004,-0.014217153
10/27/2005,-0.024451936,0.01844627,-0.006005666
10/28/2005,0.005067357,-0.002938807,0.00212855
10/31/2005,0.010674739,-0.011276452,-0.000601714
11/01/2005,0.005188504,0.01363791,0.018826414
11/02/2005,0.008549094,-0.007446625,0.001102469
11/03/2005,0.00050318,0.003297318,0.003800498
11/04/2005,0.005008364,0.005831501,0.010839864
11/07/2005,0.003038785,-0.002355326,0.00068346
11/08/2005,-0.000372401,0.009754023,0.009381622
11/09/2005,-0.009421352,-0.000452585,-0.009873937
11/10/2005,-0.004528501,0.005019839,0.000491338
11/11/2005,-0.008670504,-0.008049929,-0.016720433
11/14/2005,-0.004218173,0.00296636,-0.001251813
11/15/2005,-0.01286172,0.014260103,0.001398383
11/16/2005,-0.003979695,-0.00025025,-0.004229944
11/17/2005,0.015806968,-0.007706595,0.008100373
11/18/2005,0.016619942,-0.0070059,0.009614042
11/21/2005,0.006996158,-0.017135556,-0.010139398
11/22/2005,0.007909959,-0.007282941,0.000627018
11/23/2005,0.009231483,-0.004604926,0.004626557
11/25/2005,0.002073888,-0.005739228,-0.003665339
11/28/2005,-0.008222177,0.004412112,-0.003810066
11/29/2005,-9.55161E-05,0.014512973,0.014417457
11/30/2005,0.013391822,0.001751432,0.015143253
12/01/2005,-0.000818064,-0.002070537,-0.002888601
12/02/2005,0.001827193,0.006820093,0.008647286
12/05/2005,-0.003388753,0.014882809,0.011494056
12/06/2005,0.004451388,-0.007737935,-0.003286546
12/07/2005,-0.003956653,0.00121141,-0.002745244
12/08/2005,-0.00507885,-0.006152023,-0.011230873
12/09/2005,0.022858101,-0.000952725,0.021905376
12/12/2005,-0.010151442,-0.013445655,-0.023597096
12/13/2005,-0.003011367,0.007428236,0.004416869
12/14/2005,-0.005588471,0.01102515,0.005436679
12/15/2005,0.003429022,0.008190551,0.011619573
12/16/2005,-0.001020625,0.003243995,0.00222337
12/19/2005,0.018717851,0.011357759,0.030075609
12/20/2005,-0.003342726,0.010691563,0.007348837
12/21/2005,0.004031247,0.001946439,0.005977686
12/22/2005,0.014201512,-0.007962525,0.006238987
12/23/2005,0.013527644,-0.002553423,0.01097422
12/27/2005,-0.009257197,0.012520665,0.003263469
12/28/2005,-0.002692831,0.010260176,0.007567345
12/29/2005,-0.00442451,-0.011629052,-0.016053562
12/30/2005,0.0081646,-0.005677709,0.002486891
01/03/2006,0.00591067,0.006693335,0.012604005
01/04/2006,0.011989997,0.00238403,0.014374027
01/05/2006,0.006000674,-0.002318579,0.003682095
01/06/2006,0.01461013,-0.015562233,-0.000952103
01/09/2006,0.005512603,-0.008835658,-0.003323055
01/10/2006,-0.001765782,-0.005186826,-0.006952608
01/11/2006,0.016786208,0.004622062,0.02140827
01/12/2006,0.006653478,0.002199686,0.008853164
01/13/2006,-0.001199288,-0.010320661,-0.011519949
01/17/2006,-0.000895695,-0.004300359,-0.005196054
01/18/2006,-0.003502974,0.004337319,0.000834345
01/19/2006,0.005140427,-0.005574901,-0.000434474
01/20/2006,-0.007974141,0.008632577,0.000658436
01/23/2006,0.010616673,-0.01057652,4.01537E-05
01/24/2006,0.01112304,-0.000235027,0.010888013
01/25/2006,-0.006509269,0.010677581,0.004168312
01/26/2006,0.00359039,-0.018454204,-0.014863814
01/27/2006,0.010968076,-0.004822407,0.006145669
01/30/2006,0.018401733,-0.001617354,0.016784379
01/31/2006,0.010512342,0.000843375,0.011355718
02/01/2006,-0.001307488,0.011310907,0.010003419
02/02/2006,-0.003349848,0.009532533,0.006182685
02/03/2006,-0.015917914,0.00460403,-0.011313884
02/06/2006,-0.003008849,-0.002086244,-0.005095093
02/07/2006,-0.012283262,0.021663084,0.009379823
02/08/2006,0.003985204,0.001026237,0.005011442
02/09/2006,-0.002304355,-0.002517668,-0.004822023
02/10/2006,-0.009047306,0.002733449,-0.006313857
02/13/2006,-0.007926979,0.00624033,-0.001686648
02/14/2006,0.009739187,-0.003391217,0.00634797
02/15/2006,0.005383484,-0.004759264,0.00062422
02/16/2006,0.013157606,-0.006273757,0.006883849
02/17/2006,0.016377203,0.006459819,0.022837022
02/21/2006,0.00542845,0.000658272,0.006086722
02/22/2006,0.008646728,0.002993638,0.011640367
02/23/2006,0.008481976,0.003096554,0.01157853
02/24/2006,0.000406069,-0.007004269,-0.0065982
02/27/2006,0.00441189,0.000380067,0.004791957
02/28/2006,0.000825023,0.013423924,0.014248947
03/01/2006,0.015526889,-0.016506058,-0.00097917
03/02/2006,0.007848448,-0.000617976,0.007230471
03/03/2006,-0.000613469,-0.003926798,-0.004540266
03/06/2006,-0.003392152,0.004029901,0.000637748
03/07/2006,-0.007624057,0.017065333,0.009441277
03/08/2006,-0.004193515,0.004515629,0.000322114
03/09/2006,-0.005708552,0.003076333,-0.00263222
03/10/2006,0.005380626,-0.00564156,-0.000260934
03/13/2006,0.007113169,0.002422045,0.009535214
03/14/2006,-0.002299476,-0.002127674,-0.00442715
03/15/2006,0.003733429,-0.009136352,-0.005402923
03/16/2006,-0.00188417,0.002932092,0.001047922
03/17/2006,0.001922044,-0.00217751,-0.000255466
03/20/2006,0.000340705,-0.007508307,-0.007167602
03/21/2006,-0.010275217,0.01041814,0.000142923
03/22/2006,0.011387241,0.007458904,0.018846145
03/23/2006,0.008911609,-0.005021663,0.003889946
03/24/2006,0.005987565,-0.017575476,-0.011587911
03/27/2006,0.006628519,0.001343093,0.007971611
03/28/2006,0.008056223,0.005656073,0.013712296
03/29/2006,0.017702434,-0.016079915,0.001622519
03/30/2006,-0.004827027,0.005026711,0.000199684
03/31/2006,-0.00184605,8.29378E-05,-0.001763112
04/03/2006,-0.006386969,0.010782083,0.004395115
04/04/2006,0.001758513,0.01360936,0.015367873
04/05/2006,0.007718697,-0.00405435,0.003664347
04/06/2006,0.004333821,-0.007119732,-0.00278591
04/07/2006,0.002705649,0.00430386,0.007009509
04/10/2006,-0.007891667,0.006058816,-0.00183285
04/11/2006,-0.015879101,0.020212468,0.004333368
04/12/2006,0.017854434,-0.002171936,0.015682497
04/13/2006,0.014104317,-0.003975757,0.01012856
04/17/2006,0.014850607,0.0055249,0.020375507
04/18/2006,-0.000721737,-0.00839641,-0.009118147
04/19/2006,0.009518007,-0.009763765,-0.000245759
04/20/2006,-0.004551475,0.008555873,0.004004397
04/21/2006,-0.010251293,-0.006072685,-0.016323978
04/24/2006,-0.002607196,0.002090794,-0.000516402
04/25/2006,0.004197851,0.003196282,0.007394133
04/26/2006,-0.001842455,-0.001968006,-0.003810461
04/27/2006,-0.021915641,-8.30644E-05,-0.021998705
04/28/2006,-9.81369E-05,0.007765306,0.007667169
05/01/2006,-0.003306282,0.002496398,-0.000809884
05/02/2006,-0.002085537,0.006050371,0.003964834
05/03/2006,0.001444655,0.003665412,0.005110067
05/04/2006,-0.000529024,-0.003705795,-0.004234819
05/05/2006,0.011004657,-0.003721503,0.007283154
05/08/2006,0.00198643,-0.000562131,0.001424299
05/09/2006,0.000278514,0.00721649,0.007495004
05/10/2006,-0.001861382,0.006692728,0.004831346
05/11/2006,-0.02626622,0.01918636,-0.00707986
05/12/2006,-0.010305069,0.019499959,0.009194891
05/15/2006,-0.00411237,0.027863284,0.023750914
05/16/2006,-0.011368413,0.004200127,-0.007168285
05/17/2006,-0.011225357,0.008377521,-0.002847836
05/18/2006,-0.010222645,0.00763495,-0.002587695
05/19/2006,0.002999058,0.007066883,0.010065941
05/22/2006,-0.036926875,0.030483274,-0.006443601
05/23/2006,0.008244345,0.001457871,0.009702216
05/24/2006,-0.011462313,0.001761781,-0.009700532
05/25/2006,0.020742959,-0.002846315,0.017896644
05/26/2006,0.010000857,-0.008981607,0.001019251
05/30/2006,-0.009758708,0.013363506,0.003604797
05/31/2006,0.005374922,-0.011899991,-0.00652507
06/01/2006,0.020561686,0.003196667,0.023758354
06/02/2006,0.006481575,-0.005926727,0.000554849
06/05/2006,-0.015970012,0.025088639,0.009118627
06/06/2006,-0.009363415,0.010069532,0.000706116
06/07/2006,-0.002670222,-0.001545014,-0.004215236
06/08/2006,-0.023344536,0.003940013,-0.019404523
06/09/2006,-0.002374733,-0.004963102,-0.007337835
06/12/2006,-0.03928778,0.020950483,-0.018337297
06/13/2006,-0.029634054,0.016760254,-0.0128738
06/14/2006,0.016932505,-0.000622382,0.016310123
06/15/2006,0.034667991,-0.014423779,0.020244213
06/16/2006,-0.012828801,0.013183591,0.00035479
06/19/2006,-0.007402068,0.021916086,0.014514018
06/20/2006,0.000916726,-0.002128853,-0.001212126
06/21/2006,0.0102703,-0.002857103,0.007413197
06/22/2006,-0.010146111,0.004201232,-0.005944879
06/23/2006,0.008969324,-0.003791812,0.005177512
06/26/2006,-0.0044003,0.004887786,0.000487486
06/27/2006,-0.002289195,0.015749749,0.013460553
06/28/2006,-0.005241948,-0.003923158,-0.009165107
06/29/2006,0.02002653,-0.014323969,0.005702561
06/30/2006,0.016696639,-0.01260061,0.004096029
07/03/2006,0.006974143,-0.005331282,0.001642861
07/05/2006,-0.017847279,-0.002939596,-0.020786876
07/06/2006,0.002969373,-0.004993124,-0.002023751
07/07/2006,-0.012653154,0.018356221,0.005703067
07/10/2006,-0.008053243,0.01308568,0.005032437
07/11/2006,-0.005363281,-0.003810675,-0.009173955
07/12/2006,-0.00965762,0.006782917,-0.002874703
07/13/2006,-0.013569966,0.017837031,0.004267066
07/14/2006,-0.013493123,0.00680165,-0.006691472
07/17/2006,-0.01612034,0.011915077,-0.004205263
07/18/2006,-0.005319674,0.007205868,0.001886193
07/19/2006,0.015766172,-0.020853822,-0.00508765
07/20/2006,-0.013198007,0.01759241,0.004394403
07/21/2006,-0.003437581,0.020899856,0.017462274
07/24/2006,0.018350707,-0.007314921,0.011035786
07/25/2006,0.014014585,-0.006727125,0.00728746
07/26/2006,0.00913881,0.005790119,0.014928929
07/27/2006,-0.00352914,0.003527559,-1.58129E-06
07/28/2006,0.019827757,0.00269788,0.022525637
07/31/2006,0.007740081,0.0006359,0.008375981
08/01/2006,-0.009379164,0.007216186,-0.002162979
08/02/2006,0.0136296,0.005755842,0.019385443
08/03/2006,0.004996849,0.00236633,0.007363179
08/04/2006,-0.008576022,0.006409383,-0.002166639
08/07/2006,-0.015020608,0.007173174,-0.007847434
08/08/2006,-0.009379723,0.004989458,-0.004390264
08/09/2006,-0.010495601,0.006461239,-0.004034363
08/10/2006,-0.010517359,-0.001652095,-0.012169454
08/11/2006,-0.009457764,0.01126687,0.001809106
08/14/2006,-0.014171375,0.004043108,-0.010128266
08/15/2006,0.006079088,-0.005990226,8.88622E-05
08/16/2006,0.020450085,-0.013748336,0.006701749
08/17/2006,0.001840267,-0.014191243,-0.012350976
08/18/2006,0.005753472,0.000806733,0.006560205
08/21/2006,0.000120949,0.00451321,0.004634159
08/22/2006,0.001582861,-0.010268798,-0.008685937
08/23/2006,-0.008082612,0.002839659,-0.005242953
08/24/2006,0.00262944,-0.003326139,-0.000696699
08/25/2006,0.008652815,0.004619229,0.013272044
08/28/2006,0.003659291,0.000104277,0.003763568
08/29/2006,-0.000184772,-0.012860413,-0.013045185
08/30/2006,0.002687023,-0.013279479,-0.010592456
08/31/2006,0.00249227,0.006291489,0.008783759
09/01/2006,0.019289903,0.004867947,0.02415785
09/05/2006,-0.007236867,-0.001038855,-0.008275722
09/06/2006,-0.019925769,0.02887819,0.00895242
09/07/2006,-0.005246325,0.014995505,0.00974918
09/08/2006,0.00107661,0.002771772,0.003848382
09/11/2006,-0.017189035,0.001782529,-0.015406506
09/12/2006,0.001796654,-0.001641662,0.000154992
09/13/2006,0.017954527,-0.003936235,0.014018292
09/14/2006,0.004546916,-0.006111612,-0.001564696
09/15/2006,0.002096558,-0.009653562,-0.007557005
09/18/2006,0.005442895,-0.008495803,-0.003052908
09/19/2006,-0.0040936,0.002845317,-0.001248283
09/20/2006,-0.001417293,0.007892323,0.00647503
09/21/2006,-0.012735293,0.009983785,-0.002751508
09/22/2006,-0.006711505,0.012832263,0.006120758
09/25/2006,-0.004007892,-0.006121813,-0.010129704
09/26/2006,0.01071682,0.001105456,0.011822276
09/27/2006,0.000950975,0.002521912,0.003472887
09/28/2006,-0.00397568,-0.003679621,-0.007655302
09/29/2006,0.021644787,0.006663201,0.028307988
10/02/2006,-0.010819471,0.00896811,-0.001851361
10/03/2006,-0.001045265,0.011660193,0.010614928
10/04/2006,0.009789447,-0.008574508,0.001214939
10/05/2006,0.010235835,-0.002283352,0.007952482
10/06/2006,0.009425928,0.00208105,0.011506978
10/09/2006,0.008979527,-0.015191929,-0.006212403
10/10/2006,-0.00089546,-0.000867594,-0.001763054
10/11/2006,-0.003399179,-0.00554775,-0.008946929
10/12/2006,0.025057256,-0.006988009,0.018069247
10/13/2006,0.002821639,-0.002401648,0.000419991
10/16/2006,0.014994452,-0.018390463,-0.003396011
10/17/2006,-0.007869888,0.005734693,-0.002135194
10/18/2006,-9.34724E-05,0.006799305,0.006705833
10/19/2006,0.006660911,0.000176715,0.006837626
10/20/2006,-0.005738873,0.002273999,-0.003464874
10/23/2006,-0.003247569,-0.008070501,-0.01131807
10/24/2006,0.006295034,0.011239246,0.01753428
10/25/2006,-0.006645047,-0.001726762,-0.008371809
10/26/2006,0.004085037,-0.000367578,0.003717459
10/27/2006,-0.002628583,0.010588771,0.007960188
10/30/2006,0.00448024,-0.008307741,-0.003827501
10/31/2006,-0.007747025,0.001641626,-0.006105399
11/01/2006,-0.011502861,0.019524427,0.008021565
11/02/2006,-0.005935923,0.005786854,-0.000149069
11/03/2006,0.008817901,-0.004799026,0.004018875
11/06/2006,0.006231832,-0.001878716,0.004353116
11/07/2006,0.001117574,0.002648824,0.003766399
11/08/2006,0.014497864,5.1652E-05,0.014549516
11/09/2006,-0.004794834,0.003375057,-0.001419777
11/10/2006,-0.003748384,0.003050227,-0.000698156
11/13/2006,0.00420402,-0.002774041,0.001429978
11/14/2006,-0.000509599,-0.007751171,-0.00826077
11/15/2006,0.001487846,0.015864569,0.017352415
11/16/2006,-0.006927423,0.001145835,-0.005781587
11/17/2006,-0.001830589,0.002384496,0.000553907
11/20/2006,-0.00752923,-0.019641552,-0.027170782
11/21/2006,0.003910826,-0.00231891,0.001591916
11/22/2006,0.006492464,-0.006099513,0.000392951
11/24/2006,0.008102689,-0.007073206,0.001029482
11/27/2006,-0.016541364,0.025034566,0.008493202
11/28/2006,0.00865815,0.000851254,0.009509405
11/29/2006,0.010342153,-0.010819985,-0.000477832
11/30/2006,-0.005670371,-0.006874983,-0.012545354
12/01/2006,-0.004130892,0.005318425,0.001187533
12/04/2006,-0.013388999,-0.003211042,-0.016600041
12/05/2006,0.010540363,-0.023590431,-0.013050067
12/06/2006,0.007716578,0.00171033,0.009426909
12/07/2006,0.006153018,-0.011507464,-0.005354446
12/08/2006,-0.007061099,-0.001870253,-0.008931352
12/11/2006,-0.000885215,0.00547046,0.004585244
12/12/2006,-0.011494175,-0.005625673,-0.017119848
12/13/2006,-0.006370322,0.002147882,-0.004222439
12/14/2006,-0.003029852,-0.008168051,-0.011197903
12/15/2006,-0.005300866,-0.002280236,-0.007581101
12/18/2006,-0.004214408,0.013846116,0.009631708
12/19/2006,-0.002207475,0.004109246,0.001901771
12/20/2006,0.0037102,0.000949727,0.004659928
12/21/2006,-0.000818902,0.00110651,0.000287608
12/22/2006,0.005893531,-0.003164945,0.002728585
12/26/2006,-0.003200971,-0.007555999,-0.01075697
12/27/2006,0.011856258,-0.008465931,0.003390327
12/28/2006,0.000365787,0.006214419,0.006580206
12/29/2006,0.012831835,0.001810875,0.01464271
01/03/2007,0.007669322,0.002878354,0.010547676
01/04/2007,0.003687309,0.004199485,0.007886794
01/05/2007,-0.00427329,0.009235708,0.004962418
01/08/2007,-0.007212795,-0.002773952,-0.009986747
01/09/2007,-0.005560253,0.004315624,-0.001244629
01/10/2007,0.008634741,-0.004211077,0.004423663
01/11/2007,0.015653836,-0.009021514,0.006632322
01/12/2007,0.010011066,-0.013570646,-0.00355958
01/16/2007,0.003946472,-0.015364446,-0.011417974
01/17/2007,-0.000935046,0.005786576,0.00485153
01/18/2007,-0.010076453,0.004469771,-0.005606682
01/19/2007,0.004099345,7.45253E-05,0.00417387
01/22/2007,-0.009372103,0.000351176,-0.009020927
01/23/2007,0.006358127,-0.008537698,-0.002179571
01/24/2007,0.014714543,0.000332096,0.015046639
01/25/2007,-0.007238725,0.010356991,0.003118266
01/26/2007,0.001350489,-0.004672034,-0.003321544
01/29/2007,0.004549738,-0.011348681,-0.006798943
01/30/2007,-0.000477846,-0.003581199,-0.004059045
01/31/2007,0.001539995,-0.0018666,-0.000326605
02/01/2007,-0.003234012,-0.008175267,-0.011409278
02/02/2007,0.005277413,-0.002579011,0.002698402
02/05/2007,-0.005844627,-0.002307318,-0.008151945
02/06/2007,0.008175694,0.001992117,0.010167811
02/07/2007,-0.000819134,0.002206187,0.001387053
02/08/2007,0.0207405,-0.002602443,0.018138057
02/09/2007,-0.003770219,0.007679413,0.003909194
02/12/2007,-0.00554237,0.002694978,-0.002847391
02/13/2007,0.00024292,-0.001997387,-0.001754467
02/14/2007,0.007273357,-0.003104391,0.004168966
02/15/2007,-0.001692946,0.001646937,-4.60085E-05
02/16/2007,0.006791191,-0.006556883,0.000234308
02/20/2007,0.007299046,-0.007995376,-0.00069633
02/21/2007,0.003313056,0.00271984,0.006032895
02/22/2007,-0.004552174,-0.008026491,-0.012578665
02/23/2007,0.003204648,-0.004029984,-0.000825336
02/26/2007,-0.009476912,-0.006779796,-0.016256708
02/27/2007,-0.041626167,0.045997156,0.004370989
02/28/2007,0.011885884,-0.01317147,-0.001285586
03/01/2007,-0.010960923,0.000580907,-0.010380016
03/02/2007,-0.020475729,0.011153297,-0.009322432
03/05/2007,-0.028236597,0.023359295,-0.004877302
03/06/2007,0.026415803,-0.009915139,0.016500664
03/07/2007,0.010179766,0.004949377,0.015129143
03/08/2007,0.002127853,8.55363E-05,0.002213389
03/09/2007,-0.001467288,0.001619076,0.000151788
03/12/2007,0.005638559,-0.006504983,-0.000866423
03/13/2007,-0.032401751,0.02030264,-0.012099111
03/14/2007,0.006172354,-0.011549304,-0.00537695
03/15/2007,0.012297063,-0.006957459,0.005339604
03/16/2007,-0.002204091,0.010081705,0.007877614
03/19/2007,0.018376052,-0.002882917,0.015493136
03/20/2007,-0.022027153,-0.004061369,-0.026088522
03/21/2007,0.005174986,-0.009422929,-0.004247943
03/22/2007,0.011446341,-0.003194682,0.008251659
03/23/2007,0.010923677,-0.005897421,0.005026255
03/26/2007,0.000455207,-0.008251613,-0.007796406
03/27/2007,-0.011635833,0.001615555,-0.010020278
03/28/2007,0.001690582,0.009930549,0.011621131
03/29/2007,-0.007830113,0.000447947,-0.007382166
03/30/2007,0.01240988,-0.000668335,0.011741546
04/02/2007,-0.004899833,0.010781726,0.005881893
04/03/2007,-0.002401458,0.009091672,0.006690214
04/04/2007,0.001534865,0.001561967,0.003096832
04/05/2007,0.00036196,-0.010506527,-0.010144566
04/09/2007,-0.005320878,-0.006674995,-0.011995873
04/10/2007,-0.005083746,-0.005134594,-0.01021834
04/11/2007,-0.002804697,0.014554169,0.011749473
04/12/2007,0.00031995,-0.005344318,-0.005024368
04/13/2007,0.004502824,-0.010113356,-0.005610532
04/16/2007,-0.000148011,-0.012777556,-0.012925566
04/17/2007,-0.001473468,0.006692378,0.00521891
04/18/2007,-0.000951847,0.002961523,0.002009677
04/19/2007,-0.004544736,0.009061964,0.004517228
04/20/2007,0.010320453,-0.011361998,-0.001041545
04/23/2007,0.001321406,0.002824317,0.004145723
04/24/2007,0.001718032,0.003694556,0.005412588
04/25/2007,-0.009370487,-0.003461777,-0.012832263
04/26/2007,-0.010567578,0.007751799,-0.002815779
04/27/2007,0.004491932,0.000574788,0.00506672
04/30/2007,-0.017311135,0.015306246,-0.002004889
05/01/2007,-0.020750738,0.00673247,-0.014018268
05/02/2007,0.00718583,-0.00112985,0.00605598
05/03/2007,0.007369057,-0.009213585,-0.001844528
05/04/2007,-0.003235231,-0.008333196,-0.011568427
05/07/2007,0.003255851,0.004411165,0.007667016
05/08/2007,0.006095425,0.005557195,0.01165262
05/09/2007,-0.01757635,-0.005309168,-0.022885518
05/10/2007,-0.018786545,0.008869404,-0.009917141
05/11/2007,0.005791301,-0.011046242,-0.005254941
05/14/2007,-0.006778337,-0.0033355,-0.010113837
05/15/2007,-0.005827578,0.013787021,0.007959443
05/16/2007,-0.004577154,-0.004374179,-0.008951333
05/17/2007,-0.010570352,0.001319472,-0.00925088
05/18/2007,-0.007867002,-0.009323631,-0.017190633
05/21/2007,-0.036949551,-0.01183031,-0.048779861
05/22/2007,0.001749771,-0.011274782,-0.009525011
05/23/2007,0.017721844,-0.000822352,0.016899492
05/24/2007,-0.006629298,0.007697548,0.001068251
05/25/2007,0.001791027,-0.014444619,-0.012653592
05/29/2007,0.000138969,-0.003578488,-0.003439518
05/30/2007,0.000156378,-0.003911254,-0.003754875
05/31/2007,-0.001317067,-0.002211099,-0.003528166
06/01/2007,0.003811095,-0.003448845,0.00036225
06/04/2007,0.008868266,-0.003552416,0.00531585
06/05/2007,0.014752299,0.003248596,0.018000895
06/06/2007,-0.006998749,0.004526654,-0.002472095
06/07/2007,-0.015953396,0.019326126,0.00337273
06/08/2007,0.006075575,-0.002099455,0.00397612
06/11/2007,-0.005029624,-0.000393637,-0.005423261
06/12/2007,-0.016555309,0.007289913,-0.009265396
06/13/2007,0.011961186,-0.005420523,0.006540664
06/14/2007,0.015339151,-0.004707304,0.010631847
06/15/2007,0.000192321,-0.014725537,-0.014533216
06/18/2007,0.003585482,-0.003057885,0.000527597
06/19/2007,0.010353879,-0.005355745,0.004998134
06/20/2007,-0.008028098,0.008307253,0.000279155
06/21/2007,0.003928273,-0.014757695,-0.010829422
06/22/2007,-0.012085551,0.009922193,-0.002163357
06/25/2007,-0.007389315,0.005687895,-0.001701419
06/26/2007,-0.010946207,0.00455196,-0.006394247
06/27/2007,0.001398748,-0.00630962,-0.004910872
06/28/2007,0.007279922,-0.004798334,0.002481588
06/29/2007,0.004774911,0.002369385,0.007144295
07/02/2007,0.007830135,-0.000107645,0.00772249
07/03/2007,-0.00631136,0.001960607,-0.004350752
07/05/2007,0.00175863,-0.001620545,0.000138085
07/06/2007,0.004219055,-0.004846674,-0.000627619
07/09/2007,-0.000931632,-0.006163272,-0.007094903
07/10/2007,-0.007485281,0.012754883,0.005269602
07/11/2007,0.005402746,-0.009446588,-0.004043843
07/12/2007,0.005604317,-0.01190569,-0.006301373
07/13/2007,-0.001109654,-0.003913952,-0.005023607
07/16/2007,0.006038667,0.006686833,0.0127255
07/17/2007,-0.007334475,-0.001837347,-0.009171822
07/18/2007,-0.007720045,-0.00439549,-0.012115535
07/19/2007,0.010556241,-0.00782195,0.002734291
07/20/2007,-0.004550139,0.004843961,0.000293822
07/23/2007,-0.001164923,0.004166712,0.003001789
07/24/2007,-0.02398208,0.015351335,-0.008630746
07/25/2007,-0.000582379,0.006048652,0.005466273
07/26/2007,-0.028350467,0.030316431,0.001965964
07/27/2007,-0.007069327,0.011172259,0.004102932
07/30/2007,0.003761347,-0.000779918,0.002981429
07/31/2007,-0.007450794,-0.002828319,-0.010279112
08/01/2007,-0.021646265,0.016129902,-0.005516363
08/02/2007,-0.012684731,-0.001720767,-0.014405498
08/03/2007,-0.029641099,0.022803622,-0.006837477
08/06/2007,-0.020973867,0.009725114,-0.011248753
08/07/2007,-0.016348059,-0.003895552,-0.020243611
08/08/2007,0.027168966,-0.021762022,0.005406944
08/09/2007,-0.013840763,0.004038851,-0.009801911
08/10/2007,0.036561336,0.031126192,0.067687528
08/13/2007,0.026307971,0.020523721,0.046831692
08/14/2007,-0.021305057,0.015176413,-0.006128645
08/15/2007,-0.022753361,0.020365575,-0.002387786
08/16/2007,-0.005388385,0.018610164,0.013221779
08/17/2007,0.021033586,-0.015594554,0.005439031
08/20/2007,0.004804739,0.01203978,0.016844519
08/21/2007,0.004194516,-0.00599489,-0.001800374
08/22/2007,0.004882447,-0.015458308,-0.010575861
08/23/2007,0.005514892,0.003319109,0.008834001
08/24/2007,0.004514944,0.000353003,0.004867947
08/27/2007,-0.00443916,-0.002474992,-0.006914152
08/28/2007,-0.006434602,0.023158944,0.016724342
08/29/2007,0.013546844,-0.011155127,0.002391717
08/30/2007,-0.005778175,-0.003316227,-0.009094402
08/31/2007,0.009094914,-0.015718289,-0.006623375
09/04/2007,0.002057976,-0.003652251,-0.001594275
09/05/2007,1.41605E-05,0.007549524,0.007563685
09/06/2007,-0.001416161,0.000229203,-0.001186959
09/07/2007,-0.022159651,0.0089369,-0.013222751
09/10/2007,-0.006804331,0.009775796,0.002971465
09/11/2007,0.004207468,0.00101892,0.005226388
09/12/2007,-0.001038598,0.00072072,-0.000317877
09/13/2007,-0.018458941,-0.000160894,-0.018619835
09/14/2007,-0.007936301,-0.003991874,-0.011928175
09/17/2007,-0.016656474,0.019246443,0.002589969
09/18/2007,-0.002637224,-0.028948531,-0.031585755
09/19/2007,0.004029591,0.000415216,0.004444808
09/20/2007,-0.006529614,0.020738495,0.014208882
09/21/2007,-0.003562946,-0.0025508,-0.006113746
09/24/2007,-0.013034495,-0.000627102,-0.013661596
09/25/2007,0.004179681,0.010016673,0.014196354
09/26/2007,0.003420707,-0.002482657,0.00093805
09/27/2007,0.002915407,-0.007255432,-0.004340025
09/28/2007,-0.004411379,0.001933413,-0.002477966
10/01/2007,0.003633064,0.005464409,0.009097473
10/02/2007,0.013856014,-0.000433048,0.013422966
10/03/2007,0.004826134,0.014903045,0.019729179
10/04/2007,0.00048366,-0.001253553,-0.000769893
10/05/2007,0.018270037,-0.017532901,0.000737136
10/08/2007,-0.008329565,0.003132917,-0.005196647
10/09/2007,0.001374764,-0.009962966,-0.008588202
10/10/2007,0.005146904,-0.004415246,0.000731659
10/11/2007,-0.02915364,0.010567435,-0.018586206
10/12/2007,0.008896847,-0.008199625,0.000697222
10/15/2007,0.002790456,0.010293624,0.01308408
10/16/2007,-0.001899624,0.003196248,0.001296625
10/17/2007,-0.000419795,-0.002286121,-0.002705916
10/18/2007,-0.004902144,-0.003533916,-0.008436059
10/19/2007,-0.022363941,0.023333558,0.000969617
10/22/2007,0.002452842,-0.000979331,0.001473511
10/23/2007,0.002289729,0.002664752,0.004954481
10/24/2007,0.022619005,0.004987239,0.027606244
10/25/2007,-0.000940897,0.014912173,0.013971277
10/26/2007,0.010047803,-0.002979431,0.007068373
10/29/2007,-0.004347653,0.004529999,0.000182346
10/30/2007,-0.008153728,0.011008476,0.002854748
10/31/2007,0.007523124,-0.005450424,0.0020727
11/01/2007,-0.02865574,0.023950175,-0.004705565
11/02/2007,-0.016791271,0.00391929,-0.012871981
11/05/2007,-0.025517863,0.014628557,-0.010889306
11/06/2007,7.72808E-06,-0.011014063,-0.011006335
11/07/2007,-0.024641417,0.019734586,-0.004906831
11/08/2007,-0.013496502,-0.015987922,-0.029484424
11/09/2007,-0.009962439,0.007987778,-0.001974661
11/12/2007,-0.037175701,-0.001224419,-0.03840012
11/13/2007,0.019586242,-0.004638271,0.014947971
11/14/2007,0.004555116,0.012927045,0.017482161
11/15/2007,-0.003275002,0.024904137,0.021629135
11/16/2007,-0.007518451,-0.007549448,-0.015067899
11/19/2007,-0.03863458,0.016647588,-0.021986992
11/20/2007,-0.033858859,0.007687347,-0.026171512
11/21/2007,-0.011008411,0.005971246,-0.005037166
11/23/2007,0.025600933,-0.016660262,0.008940671
11/26/2007,-0.021236979,0.029538884,0.008301905
11/27/2007,-0.011560955,0.004388853,-0.007172102
11/28/2007,0.037981685,-0.010981351,0.027000334
11/29/2007,0.011049242,0.000847503,0.011896744
11/30/2007,0.036526465,-0.010075246,0.02645122
12/03/2007,-0.026068134,0.017156965,-0.008911169
12/04/2007,-0.020046772,0.014617599,-0.005429172
12/05/2007,0.017912177,-0.002364494,0.015547683
12/06/2007,0.016772873,-0.010390985,0.006381888
12/07/2007,0.008205402,-0.005599207,0.002606195
12/10/2007,0.000214064,-0.019282842,-0.019068778
12/11/2007,-0.041476869,0.032844151,-0.008632718
12/12/2007,-0.001852748,0.000477951,-0.001374797
12/13/2007,-0.019334835,0.004921333,-0.014413503
12/14/2007,-0.018323445,0.033250192,0.014926747
12/17/2007,-0.043992523,0.013398995,-0.030593528
12/18/2007,-0.004678543,0.005684611,0.001006068
12/19/2007,-0.00334516,0.004528826,0.001183666
12/20/2007,0.022442759,-0.008051336,0.014391423
12/21/2007,-0.005321237,-0.014827222,-0.020148459
12/24/2007,0.017839194,2.8246E-05,0.01786744
12/26/2007,0.008637875,-0.002696454,0.005941422
12/27/2007,-0.02020007,0.022987087,0.002787017
12/28/2007,0.005162209,0.01218607,0.01734828
01/02/2008,0.01534437,0.010959225,0.026303595
01/03/2008,-0.000861358,0.008602464,0.007741106
01/04/2008,-0.02392984,0.025074251,0.001144412
01/07/2008,-0.006604406,0.010615455,0.004011049
01/08/2008,-0.031530175,-0.007580895,-0.039111071
01/09/2008,-0.007096205,0.00819148,0.001095275
01/10/2008,0.039072755,-0.010734554,0.028338201
01/11/2008,0.008450673,0.023147464,0.031598138
01/14/2008,0.010169511,-0.007018317,0.003151194
01/15/2008,-0.030691639,0.019771629,-0.01092001
01/16/2008,-0.006249936,0.000226615,-0.006023321
01/17/2008,-0.024474605,0.010319476,-0.014155129
01/18/2008,0.002361692,0.011391623,0.013753315
01/22/2008,-0.004045873,0.021095594,0.017049722
01/23/2008,0.03337591,-0.020605502,0.012770407
01/24/2008,0.04022588,-0.006527567,0.033698313
01/25/2008,-0.000489982,0.013147929,0.012657947
01/28/2008,0.02677839,-0.013039974,0.013738416
01/29/2008,0.015862389,-0.015918843,-5.64535E-05
01/30/2008,-0.007398005,0.003193667,-0.004204338
01/31/2008,0.007399828,-0.028557955,-0.021158127
02/01/2008,0.031213063,-0.002691803,0.02852126
02/04/2008,0.010013759,0.025379383,0.035393143
02/05/2008,-0.009513759,0.030277185,0.020763426
02/06/2008,0.0005237,0.016818712,0.017342412
02/07/2008,0.005619472,-0.012402872,-0.0067834
02/08/2008,-0.000197952,-0.009266246,-0.009464198
02/11/2008,0.000253952,-0.014402195,-0.014148244
02/12/2008,-0.016353474,9.42014E-05,-0.016259273
02/13/2008,-0.001212116,-0.021088704,-0.02230082
02/14/2008,0.002442403,0.0167318,0.019174203
02/15/2008,-0.003880232,0.001723449,-0.002156784
02/19/2008,0.000125745,3.62581E-05,0.000162003
02/20/2008,-0.003017765,-0.01874823,-0.021765995
02/21/2008,-0.009950713,-0.003570401,-0.013521115
02/22/2008,-0.005684455,0.00193865,-0.003745805
02/25/2008,0.01021954,-0.020656812,-0.010437272
02/26/2008,-0.000638316,-0.000226939,-0.000865255
02/27/2008,-0.010140741,0.003442921,-0.006697821
02/28/2008,-0.017747743,0.009726812,-0.008020932
02/29/2008,-0.019129022,0.026423794,0.007294772
03/03/2008,-0.034542724,0.009277736,-0.025264987
03/04/2008,-0.012112686,0.020295627,0.008182941
03/05/2008,-0.011914306,0.003312948,-0.008601358
03/06/2008,-0.042485933,0.03036322,-0.012122713
03/07/2008,-0.006323241,0.015794215,0.009470974
03/10/2008,-0.032851283,0.026006905,-0.006844378
03/11/2008,0.007454514,-0.021728687,-0.014274173
03/12/2008,-0.001285448,0.002201833,0.000916385
03/13/2008,0.01689751,-0.017451801,-0.000554291
03/14/2008,-0.035443801,0.034429127,-0.001014673
03/17/2008,-0.038203366,0.030828438,-0.007374929
03/18/2008,0.044283624,0.001904794,0.046188418
03/19/2008,-0.001517299,0.015272706,0.013755406
03/20/2008,0.005589835,-0.031251681,-0.025661846
03/24/2008,0.053883562,0.004574176,0.058457738
03/25/2008,-0.006137725,0.002538721,-0.003599003
03/26/2008,-0.028611355,0.00021029,-0.028401065
03/27/2008,-0.01387999,0.003031596,-0.010848394
03/28/2008,-0.008123578,0.00280063,-0.005322948
03/31/2008,0.001414285,-0.016242706,-0.014828421
04/01/2008,0.011898762,0.006238908,0.01813767
04/02/2008,-0.009590204,0.003005412,-0.006584792
04/03/2008,-0.007561263,-0.008170508,-0.015731771
04/04/2008,0.00342328,-0.01418324,-0.01075996
04/07/2008,0.001525917,-0.008496596,-0.006970679
04/08/2008,-0.015963303,-0.005100208,-0.021063512
04/09/2008,-0.023708474,-0.002108017,-0.02581649
04/10/2008,0.004493403,0.009256481,0.013749884
04/11/2008,-0.045304186,0.005215111,-0.040089075
04/14/2008,-0.015225358,0.004060907,-0.011164451
04/15/2008,0.000922011,0.010771829,0.01169384
04/16/2008,0.004241977,-0.00954267,-0.005300693
04/17/2008,-0.000750512,-0.003774962,-0.004525474
04/18/2008,0.006362397,-0.010953474,-0.004591077
04/21/2008,-0.018012044,0.017736045,-0.000275999
04/22/2008,-0.03001036,0.011197565,-0.018812795
04/23/2008,-0.001841509,0.000557352,-0.001284157
04/24/2008,0.017885421,-0.004014098,0.013871323
04/25/2008,-0.008473333,-0.005611495,-0.014084828
04/28/2008,-0.012353147,-0.007642358,-0.019995505
04/29/2008,-0.015703041,0.029330204,0.013627163
04/30/2008,0.014937705,-0.016834286,-0.001896581
05/01/2008,0.00425799,-0.010724386,-0.006466395
05/02/2008,-0.016047746,0.01036926,-0.005678487
05/05/2008,0.001956433,0.011311964,0.013268397
05/06/2008,-0.008369391,-0.0156411,-0.024010491
05/07/2008,-0.029238295,0.011927421,-0.017310874
05/08/2008,-0.000606544,-0.005981508,-0.006588052
05/09/2008,0.003997361,8.43188E-05,0.00408168
05/12/2008,0.00646396,-0.018438552,-0.011974592
05/13/2008,-0.0083017,-0.003971192,-0.012272892
05/14/2008,0.002819695,0.004860235,0.007679929
05/15/2008,0.00751795,-0.027234638,-0.019716688
05/16/2008,-0.011780029,-0.004136165,-0.015916194
05/19/2008,-0.005433255,0.001577164,-0.003856091
05/20/2008,0.010206845,0.00156192,0.011768765
05/21/2008,-0.012263629,-0.003666044,-0.015929673
05/22/2008,0.014472164,0.001333063,0.015805226
05/23/2008,-0.010439526,-0.007231667,-0.017671193
05/27/2008,0.002583486,-0.010346451,-0.007762965
05/28/2008,0.017630051,-0.003826369,0.013803681
05/29/2008,0.009253331,-0.019214227,-0.009960895
05/30/2008,0.016539261,-0.000634967,0.015904294
06/02/2008,-0.002831466,0.03077793,0.027946464
06/03/2008,-0.011731781,0.000151617,-0.011580164
06/04/2008,-0.003709093,0.016986322,0.013277228
06/05/2008,0.005114987,-0.015609835,-0.010494848
06/06/2008,-0.011980891,0.022437021,0.01045613
06/09/2008,-0.01248293,0.008167446,-0.004315485
06/10/2008,-0.011884005,0.002622265,-0.00926174
06/11/2008,-0.020848065,0.032508099,0.011660034
06/12/2008,0.0081866,-0.004905939,0.003280661
06/13/2008,0.025015982,-0.000684097,0.024331885
06/16/2008,0.013734367,-0.007214606,0.006519761
06/17/2008,-0.015207442,0.007915798,-0.007291644
06/18/2008,-0.010361669,0.014331276,0.003969606
06/19/2008,-0.011799327,0.012785632,0.000986305
06/20/2008,0.00109398,0.005036777,0.006130757
06/23/2008,-0.024801023,0.014415145,-0.010385878
06/24/2008,-0.015327723,0.004922956,-0.010404767
06/25/2008,0.01913381,-0.002712351,0.016421459
06/26/2008,-0.018361186,0.02322429,0.004863103
06/27/2008,-0.007294138,0.010418708,0.00312457
06/30/2008,-0.012893947,-0.001293308,-0.014187255
07/01/2008,-0.033166173,0.024151219,-0.009014954
07/02/2008,-0.017117262,0.02319809,0.006080828
07/03/2008,0.00443972,0.003309099,0.007748819
07/07/2008,-0.00196841,0.017920691,0.01595228
07/08/2008,0.010343149,-0.034916225,-0.024573076
07/09/2008,-0.032206472,0.029213667,-0.002992806
07/10/2008,-0.015468824,0.008270061,-0.007198763
07/11/2008,-0.022151031,0.003610405,-0.018540625
07/14/2008,-0.045345241,0.026095192,-0.019250048
07/15/2008,-0.013713586,0.000524097,-0.013189488
07/16/2008,0.101991963,-0.005490042,0.096501921
07/17/2008,0.065206001,-0.031892158,0.033313843
07/18/2008,0.03681202,-0.008291004,0.028521016
07/21/2008,0.047786816,-0.004173905,0.043612911
07/22/2008,0.017769033,-0.009886222,0.007882811
07/23/2008,0.019730643,-0.009852231,0.009878412
07/24/2008,-0.033440446,0.043853068,0.010412622
07/25/2008,0.023671265,-0.010812231,0.012859034
07/28/2008,-0.040669322,0.006453769,-0.034215553
07/29/2008,0.023742336,-0.011228103,0.012514232
07/30/2008,0.000380123,-0.015149637,-0.014769514
07/31/2008,0.008131186,0.008399888,0.016531074
08/01/2008,-0.022115485,-0.016952173,-0.039067658
08/04/2008,-0.004381077,0.01439276,0.010011683
08/05/2008,0.003559364,-0.003511839,4.75248E-05
08/06/2008,-6.74524E-05,-0.002409873,-0.002477325
08/07/2008,-0.019111913,0.035453661,0.016341748
08/08/2008,0.017279877,-0.013844056,0.003435821
08/11/2008,0.009644052,-0.006234347,0.003409706
08/12/2008,0.007578087,0.007986442,0.015564529
08/13/2008,0.012948644,0.004150556,0.017099201
08/14/2008,0.022264744,-0.010281182,0.011983562
08/15/2008,0.005857078,0.008770055,0.014627133
08/18/2008,-0.002106002,0.001595051,-0.00051095
08/19/2008,-0.021649596,0.036408025,0.014758429
08/20/2008,-0.01126161,0.009688738,-0.001572872
08/21/2008,-0.019366223,-0.004347167,-0.02371339
08/22/2008,0.009240102,0.003322668,0.01256277
08/25/2008,-0.005203034,0.012042198,0.006839164
08/26/2008,0.011426532,-0.004191812,0.007234721
08/27/2008,0.015447932,-0.00144181,0.014006121
08/28/2008,0.00678831,-0.011703145,-0.004914835
08/29/2008,0.016338851,0.003545136,0.019883988
09/02/2008,-0.010835788,-0.00444711,-0.015282898
09/03/2008,-0.003941629,-0.013507802,-0.017449431
09/04/2008,-0.02385438,0.026101739,0.00224736
09/05/2008,0.012389343,-0.004637024,0.00775232
09/08/2008,-0.042465574,0.011036346,-0.031429228
09/09/2008,-0.038104527,0.05091715,0.012812623
09/10/2008,-0.023260051,-0.000539794,-0.023799845
09/11/2008,-0.006101896,0.007664426,0.00156253
09/12/2008,0.005272059,-0.003955536,0.001316523
09/15/2008,-0.103987155,0.055989603,-0.047997552
09/16/2008,-0.030111603,0.001620842,-0.028490761
09/17/2008,-0.088313132,0.041891603,-0.046421529
09/18/2008,0.030805605,-0.097443937,-0.066638333
09/19/2008,0.08857557,-0.00671049,0.08186508
09/22/2008,-0.025196655,0.071427465,0.046230811
09/23/2008,0.007460386,0.023187544,0.03064793
09/24/2008,-0.051845552,0.010011344,-0.041834208
09/25/2008,-0.007803745,0.007211324,-0.000592422
09/26/2008,-0.04597087,0.010305222,-0.035665648
09/29/2008,-0.01512235,0.0734772,0.05835485
09/30/2008,0.012812052,-0.018501612,-0.00568956
10/01/2008,0.039130265,-0.009036052,0.030094213
10/02/2008,-0.029019819,0.048708227,0.019688408
10/03/2008,-0.015644303,0.007712579,-0.007931724
10/06/2008,-0.079582207,0.065503713,-0.014078494
10/07/2008,-0.084810843,0.033319229,-0.051491613
10/08/2008,-0.032643762,0.024584397,-0.008059365
10/09/2008,-0.053526867,0.02558698,-0.027939886
10/10/2008,-0.003389032,0.019313497,0.015924464
10/13/2008,0.105761279,-0.048933192,0.056828086
10/14/2008,0.007434067,0.03783724,0.045271307
10/15/2008,0.013605168,0.131619151,0.145224319
10/16/2008,0.035957189,0.018064725,0.054021915
10/17/2008,0.006624885,-0.005899566,0.000725318
10/20/2008,0.038013059,-0.035705365,0.002307694
10/21/2008,-0.02341164,0.012892585,-0.010519055
10/22/2008,-0.03112167,0.057179731,0.026058061
10/23/2008,-0.049006509,0.036158598,-0.012847911
10/24/2008,-0.043766073,0.021246906,-0.022519167
10/27/2008,-0.032538463,0.027861844,-0.004676619
10/28/2008,0.034023452,-0.018493413,0.015530038
10/29/2008,0.062616859,-0.011787852,0.050829007
10/30/2008,0.036488757,-0.030256419,0.006232339
10/31/2008,0.048275018,-0.089012547,-0.040737529
11/03/2008,0.017359927,-0.031552845,-0.014192918
11/04/2008,0.005223409,-0.027818301,-0.022594892
11/05/2008,-0.045680206,0.0594579,0.013777694
11/06/2008,-0.021213201,0.071233399,0.050020197
11/07/2008,0.037645001,-0.007200867,0.030444134
11/10/2008,-0.061845075,0.019211579,-0.042633496
11/11/2008,-0.061254786,0.044601358,-0.016653428
11/12/2008,-0.050180573,0.046683286,-0.003497288
11/13/2008,0.031962049,-0.029191102,0.002770947
11/14/2008,-0.036889258,0.006175142,-0.030714117
11/17/2008,-0.070035676,0.047361408,-0.022674268
11/18/2008,-0.016496929,0.005028252,-0.011468677
11/19/2008,-0.085798069,0.070127163,-0.015670906
11/20/2008,-0.069877935,0.066041497,-0.003836438
11/21/2008,0.046551157,0.002343692,0.048894849
11/24/2008,0.102925078,-0.041377815,0.061547263
11/25/2008,0.081965573,-0.022623327,0.059342246
11/26/2008,0.010936391,-0.08959935,-0.078662958
11/28/2008,0.03836105,-0.063104638,-0.024743588
12/01/2008,-0.048661631,0.133801423,0.085139792
12/02/2008,0.040553927,-0.000972479,0.039581448
12/03/2008,0.004971121,0.020711256,0.025682378
12/04/2008,-0.006066077,0.015414152,0.009348075
12/05/2008,0.001270379,-0.023872934,-0.022602556
12/08/2008,0.062025354,0.006337703,0.068363057
12/09/2008,0.008072797,0.027896134,0.035968931
12/10/2008,0.012565697,-0.022302496,-0.0097368
12/11/2008,-0.064024457,-0.001997098,-0.066021555
12/12/2008,0.000763629,-0.010341311,-0.009577683
12/15/2008,-0.038011951,-0.002750654,-0.040762606
12/16/2008,0.0403346,-0.033279129,0.007055471
12/17/2008,-0.016233355,0.023498743,0.007265388
12/18/2008,-0.005106055,0.026389261,0.021283206
12/19/2008,-0.037191495,0.029516766,-0.007674729
12/22/2008,0.012259004,-0.006105894,0.00615311
12/23/2008,0.014222628,0.021956993,0.03617962
12/24/2008,-0.001431953,0.023480207,0.022048254
12/26/2008,0.013613801,0.009881503,0.023495304
12/29/2008,-0.032559222,0.05195825,0.019399028
12/30/2008,-0.005924782,0.002533757,-0.003391025
01/02/2009,0.061245576,-0.038035208,0.023210368
01/05/2009,0.021785992,-0.015147258,0.006638734
01/06/2009,0.058939829,-0.044007867,0.014931962
01/07/2009,0.001603771,0.027621576,0.029225346
01/08/2009,0.010599727,-0.014803958,-0.004204231
01/09/2009,-0.037190714,-0.001146005,-0.038336719
01/12/2009,-0.049472893,0.026018057,-0.023454836
01/13/2009,-0.014490245,0.004569059,-0.009921185
01/14/2009,-0.059325618,0.012690965,-0.046634652
01/15/2009,-0.007823039,0.007038533,-0.000784506
01/16/2009,-0.020339079,0.012768825,-0.007570254
01/20/2009,-0.062035105,0.063376551,0.001341446
01/21/2009,-0.00959193,-0.029716013,-0.039307943
01/22/2009,-0.066076492,-0.010505089,-0.076581581
01/23/2009,-0.033218459,-0.008633017,-0.041851476
01/26/2009,-0.001506842,0.005962149,0.004455307
01/27/2009,-0.004525756,0.022015877,0.017490121
01/28/2009,0.049048148,-0.027255162,0.021792987
01/29/2009,-0.034260546,0.027030602,-0.007229944
01/30/2009,-0.010852304,0.018834194,0.007981889
02/02/2009,0.009592913,0.028549717,0.03814263
02/03/2009,0.00179319,0.014540148,0.016333338
02/04/2009,-0.010236741,0.016706194,0.006469454
02/05/2009,0.006226031,-0.019609635,-0.013383604
02/06/2009,0.065639256,-0.019127182,0.046512074
02/09/2009,-0.003792907,0.016050899,0.012257992
02/10/2009,0.015357134,0.094878363,0.110235497
02/11/2009,-0.017742577,0.027001543,0.009258965
02/12/2009,0.009461349,0.028154339,0.037615688
02/13/2009,0.012186483,-0.001971136,0.010215347
02/17/2009,-0.032566058,0.02927698,-0.003289077
02/18/2009,-0.036939869,0.012294284,-0.024645585
02/19/2009,-0.054777318,0.029080337,-0.025696981
02/20/2009,-0.034070675,0.034293134,0.000222459
02/23/2009,-0.018164532,0.017516894,-0.000647638
02/24/2009,0.036964889,-0.040679976,-0.003715087
02/25/2009,-0.038863812,0.012483102,-0.02638071
02/26/2009,0.00629474,0.047789149,0.054083889
02/27/2009,-0.07830785,0.005178338,-0.073129512
03/02/2009,-0.08102016,0.082047563,0.001027404
03/03/2009,-0.032101498,0.015690542,-0.016410956
03/04/2009,0.064389329,-0.012840731,0.051548598
03/05/2009,-0.094668292,0.089793805,-0.004874487
03/06/2009,-0.023845468,0.006591746,-0.017253722
03/09/2009,-0.038669079,0.026224191,-0.012444887
03/10/2009,0.063567868,-0.079713297,-0.01614543
03/11/2009,0.047794269,0.017201006,0.064995275
03/12/2009,0.057590459,-0.111120347,-0.053529889
03/13/2009,-0.002114966,0.005827413,0.003712447
03/16/2009,0.023337463,-0.017464148,0.005873315
03/17/2009,0.006751508,-0.042084874,-0.035333366
03/18/2009,0.101554278,-0.03492948,0.066624799
03/19/2009,0.077730804,0.009821398,0.087552202
03/20/2009,-0.002910637,0.024785742,0.021875105
03/23/2009,0.044930653,-0.067039174,-0.022108521
03/24/2009,-0.033727972,0.014820812,-0.01890716
03/25/2009,0.001593007,-0.033268056,-0.031675049
03/26/2009,0.057911815,-0.038675028,0.019236786
03/27/2009,-0.015758902,0.053654386,0.037895484
03/30/2009,-0.009078858,0.03882821,0.029749351
03/31/2009,0.01514772,-0.023312754,-0.008165034
04/01/2009,0.063410645,0.002876804,0.066287449
04/02/2009,0.049976651,-0.039617738,0.010358913
04/03/2009,0.007236823,-0.004572794,0.002664028
04/06/2009,0.014703959,-0.001707772,0.012996187
04/07/2009,-0.069685878,0.022136003,-0.047549876
04/08/2009,0.022761879,0.010160405,0.032922283
04/09/2009,0.078304446,-0.05062729,0.027677156
04/13/2009,0.008157714,0.016852041,0.025009755
04/14/2009,0.023174741,0.064045776,0.087220517
04/15/2009,0.02538489,-0.005273433,0.020111458
04/16/2009,0.022375498,-0.025298249,-0.00292275
04/17/2009,0.030186345,-0.022983267,0.007203078
04/20/2009,-0.022287504,0.094909547,0.072622043
04/21/2009,0.033374161,-0.037495947,-0.004121787
04/22/2009,-0.0094468,-0.005240481,-0.014687281
04/23/2009,-0.015871872,0.03437418,0.018502308
04/24/2009,0.006765059,-0.021549037,-0.014783978
04/27/2009,-0.01168107,0.02448725,0.01280618
04/28/2009,-0.006212758,0.017690073,0.011477314
04/29/2009,0.02303841,-0.026545548,-0.003507138
04/30/2009,0.006202493,0.019663008,0.025865501
05/01/2009,-0.01386319,-0.016187539,-0.030050729
05/04/2009,0.033077792,-0.036665715,-0.003587923
05/05/2009,0.004557401,-0.008738419,-0.004181019
05/06/2009,0.011536769,-0.05319382,-0.041657052
05/07/2009,-0.003140311,0.032028236,0.028887924
05/08/2009,0.027977299,-0.041859971,-0.013882672
05/11/2009,-0.002554148,-0.030328047,-0.032882195
05/12/2009,-0.014026901,0.036064166,0.022037264
05/13/2009,-0.035856029,0.05446882,0.018612791
05/14/2009,-0.012736221,0.010264197,-0.002472024
05/15/2009,-0.021222739,0.007285974,-0.013936765
05/18/2009,0.03502525,-0.04222899,-0.00720374
05/19/2009,-0.012741435,0.00444191,-0.008299524
05/20/2009,-0.006409361,0.016154894,0.009745533
05/21/2009,-0.023715142,0.011713279,-0.012001862
05/22/2009,0.027958771,0.012730962,0.040689733
05/26/2009,0.024645333,-0.003184709,0.021460624
05/27/2009,-0.019933075,-0.006177033,-0.026110108
05/28/2009,0.007634595,-0.005767236,0.001867359
05/29/2009,-0.008971088,-0.021499805,-0.030470894
06/01/2009,0.028041718,-0.01718696,0.010854758
06/02/2009,-0.010775187,0.005254655,-0.005520532
06/03/2009,0.02806444,-0.001740622,0.026323818
06/04/2009,0.015914251,-0.029422269,-0.013508018
06/05/2009,-0.016975975,-0.00503848,-0.022014455
06/08/2009,-0.001141479,-0.016064353,-0.017205832
06/09/2009,0.002418688,-0.013711443,-0.011292755
06/10/2009,-0.012085846,0.01724431,0.005158464
06/11/2009,0.041834553,-0.016516257,0.025318296
06/12/2009,-0.007207326,0.013462595,0.006255269
06/15/2009,-0.014553881,0.027355911,0.012802029
06/16/2009,-0.017161744,0.015342212,-0.001819533
06/17/2009,-0.022882497,0.012696034,-0.010186463
06/18/2009,0.004875508,0.006431299,0.011306807
06/19/2009,0.006589277,0.001787154,0.008376431
06/22/2009,-0.024885161,0.024606441,-0.00027872
06/23/2009,-0.004668932,0.026606062,0.02193713
06/24/2009,0.010872256,-0.00510217,0.005770086
06/25/2009,0.003340399,-0.025991342,-0.022650943
06/26/2009,-0.03682943,-0.003375898,-0.040205328
06/29/2009,0.000272863,0.002056121,0.002328984
06/30/2009,0.026304376,0.004275877,0.030580253
07/01/2009,0.0242279,-0.0066918,0.017536101
07/02/2009,-0.030985297,0.014769384,-0.016215913
07/06/2009,-0.029112048,0.027589691,-0.001522357
07/07/2009,-0.026208671,0.008833371,-0.0173753
07/08/2009,-0.011117671,0.006168589,-0.004949082
07/09/2009,0.033088354,-0.001740537,0.031347817
07/10/2009,-0.004958172,-0.004260102,-0.009218273
07/13/2009,0.016702595,0.005363832,0.022066426
07/14/2009,0.025123547,-0.001502978,0.023620569
07/15/2009,0.003305145,-0.038499399,-0.035194253
07/16/2009,-0.001935848,0.003348525,0.001412676
07/17/2009,-0.005684854,0.010400089,0.004715235
07/20/2009,0.026727738,-0.018422523,0.008305215
07/21/2009,-0.018288848,0.01871102,0.000422171
07/22/2009,0.011402562,-0.003879354,0.007523207
07/23/2009,0.010731921,-0.016430468,-0.005698547
07/24/2009,-0.00100759,-0.000626776,-0.001634366
07/27/2009,0.024369074,-0.005588605,0.018780469
07/28/2009,0.007287197,-0.007597873,-0.000310675
07/29/2009,0.018050997,-0.004642939,0.013408058
07/30/2009,0.017211596,-0.009383761,0.007827834
07/31/2009,0.007086854,-0.001913172,0.005173682
08/03/2009,0.030073105,-0.029401338,0.000671767
08/04/2009,0.02406872,-0.006932832,0.017135888
08/05/2009,-0.000305112,-0.049273482,-0.049578594
08/06/2009,-0.033113524,0.005667456,-0.027446069
08/07/2009,0.017792037,-0.00798668,0.009805357
08/10/2009,0.000627863,-0.015276263,-0.014648401
08/11/2009,-0.018453231,0.032771152,0.014317921
08/12/2009,0.002056152,-0.007471532,-0.005415379
08/13/2009,0.006153216,-0.001389126,0.00476409
08/14/2009,-0.012837935,0.002617398,-0.010220537
08/17/2009,-0.035383045,0.042075674,0.006692629
08/18/2009,0.012203013,-0.033244595,-0.021041582
08/19/2009,-0.016693736,-0.001325814,-0.01801955
08/20/2009,0.015792292,-0.021957604,-0.006165312
08/21/2009,0.000496201,0.001401103,0.001897304
08/24/2009,-0.005463525,-0.002495077,-0.007958602
08/25/2009,0.005869195,-0.001732514,0.00413668
08/26/2009,-0.005123934,-0.018247224,-0.023371158
08/27/2009,-0.006781185,-0.007855326,-0.014636511
08/28/2009,-0.001652721,-0.000639868,-0.002292589
08/31/2009,-0.003324614,0.014555997,0.011231383
09/01/2009,-0.039472884,0.019856618,-0.019616266
09/02/2009,-0.010851414,0.017259217,0.006407804
09/03/2009,0.005226901,-0.001923616,0.003303284
09/04/2009,0.014607312,-0.008663853,0.00594346
09/08/2009,0.014182891,-0.012735524,0.001447367
09/09/2009,0.017789687,-0.02160712,-0.003817434
09/10/2009,0.001603854,-0.027502625,-0.025898771
09/11/2009,0.008515893,0.016504081,0.025019974
09/14/2009,0.019679654,-0.016571451,0.003108202
09/15/2009,0.009920745,-0.01112355,-0.001202804
09/16/2009,0.023266429,-0.009205507,0.014060922
09/17/2009,0.005865889,0.007150703,0.013016592
09/18/2009,-0.019632806,0.000642016,-0.01899079
09/21/2009,0.007123479,0.001784349,0.008907827
09/22/2009,0.02261078,-0.002748309,0.019862472
09/23/2009,0.005551978,0.00989673,0.015448708
09/24/2009,-0.024285091,0.041377296,0.017092206
09/25/2009,-0.021306899,0.001333101,-0.019973799
09/28/2009,0.037673574,-0.006617707,0.031055867
09/29/2009,-0.000313939,-0.003569103,-0.003883042
09/30/2009,-0.003655604,0.007660993,0.004005389
10/01/2009,-0.015828312,0.019986514,0.004158201
10/02/2009,-0.008339847,0.019371303,0.011031456
10/05/2009,0.016255087,-0.007110115,0.009144972
10/06/2009,0.005233511,0.001584906,0.006818417
10/07/2009,0.006949183,-0.014120462,-0.007171278
10/08/2009,-0.000672777,-0.013399196,-0.014071973
10/09/2009,0.021244471,-0.01191681,0.009327661
10/12/2009,-0.011873935,-0.008678499,-0.020552434
10/13/2009,0.007281362,0.00072196,0.008003322
10/14/2009,0.00996112,-0.015108274,-0.005147154
10/15/2009,-0.003642043,-0.003540382,-0.007182424
10/16/2009,-0.008529348,-0.000733701,-0.009263049
10/19/2009,0.00622249,-0.000521719,0.005700771
10/20/2009,-0.005551678,0.009242571,0.003690893
10/21/2009,-0.006277527,0.005183895,-0.001093632
10/22/2009,-0.002499316,0.003414458,0.000915142
10/23/2009,-0.020380043,0.014593656,-0.005786386
10/26/2009,-0.018984043,0.025455486,0.006471443
10/27/2009,-0.023258953,0.003772402,-0.019486551
10/28/2009,-0.041129251,0.031151088,-0.009978164
10/29/2009,0.035393874,-0.010224166,0.025169709
10/30/2009,-0.032242869,0.015734585,-0.016508284
11/02/2009,-0.03467387,0.02516348,-0.009510391
11/03/2009,0.021807184,-0.005546036,0.016261148
11/04/2009,0.004604845,0.014397174,0.019002018
11/05/2009,0.020399165,-0.024604155,-0.00420499
11/06/2009,-0.010603404,-0.002148206,-0.01275161
11/09/2009,-0.00371461,-0.012536168,-0.016250779
11/10/2009,-0.018268831,0.017842756,-0.000426075
11/11/2009,0.000591716,-0.007732178,-0.007140461
11/12/2009,-0.015035515,0.021801547,0.006766032
11/13/2009,-0.019079456,-0.010767411,-0.029846866
11/16/2009,0.02427677,-0.001220106,0.023056664
11/17/2009,-0.034168365,0.000853182,-0.033315184
11/18/2009,0.001590304,0.007174105,0.008764409
11/19/2009,-0.022140786,0.007082814,-0.015057972
11/20/2009,0.003644881,-0.000937332,0.002707548
11/23/2009,0.001384195,0.00014845,0.001532645
11/24/2009,-0.006000568,0.006541452,0.000540884
11/25/2009,0.029149429,0.003807998,0.032957427
11/27/2009,-0.004595988,0.006746239,0.002150251
11/30/2009,-0.002516804,0.005327469,0.002810665
12/01/2009,-0.010903605,0.003875327,-0.007028278
12/02/2009,0.011328379,-0.01283956,-0.001511181
12/03/2009,-0.012685572,0.006852832,-0.00583274
12/04/2009,0.008319571,-0.01898443,-0.010664859
12/07/2009,0.009139169,-0.011366153,-0.002226984
12/08/2009,-0.009506279,-0.003953768,-0.013460047
12/09/2009,-0.003936599,-0.017213584,-0.021150183
12/10/2009,-0.010892104,0.010890986,-1.11774E-06
12/11/2009,0.007213585,-0.005383045,0.00183054
12/14/2009,0.001331717,-0.006783769,-0.005452052
12/15/2009,-0.000431372,0.006212601,0.005781229
12/16/2009,0.027927222,-0.002805534,0.025121688
12/17/2009,-0.039194184,0.025288611,-0.013905573
12/18/2009,-0.025840394,0.001028869,-0.024811524
12/21/2009,0.019449101,-0.007608431,0.011840671
12/22/2009,-0.001092894,-0.022267019,-0.023359913
12/23/2009,-0.003407054,-0.006142865,-0.009549919
12/24/2009,0.001095496,-0.008810225,-0.007714729
12/28/2009,-0.001951136,-0.000890494,-0.00284163
12/29/2009,0.0009236,-0.007746021,-0.006822421
12/30/2009,0.000217079,-0.017385054,-0.017167975
