Trade Date,Weighted Return,Weighted Return Tc
01/03/2005,-0.000437051,-0.000468301
01/04/2005,0.001532863,0.001423488
01/05/2005,-0.000844512,-0.000891387
01/06/2005,-0.00011566,-0.000170348
01/07/2005,0.001504862,0.001403299
01/10/2005,0.000350194,0.000311131
01/11/2005,-0.000881044,-0.000912294
01/12/2005,0.002389567,0.002350505
01/13/2005,0.000504182,0.000418245
01/14/2005,0.000114333,7.527E-05
01/18/2005,0.000245244,0.000190556
01/19/2005,0.0003487,0.000309637
01/20/2005,-0.000697243,-0.000728493
01/21/2005,0.000881318,0.00076413
01/24/2005,-0.000171909,-0.000265659
01/25/2005,-0.000668559,-0.000707621
01/26/2005,-0.00143778,-0.001547155
01/27/2005,-0.000191014,-0.000253514
01/28/2005,-0.000937941,-0.000992629
01/31/2005,-0.002743399,-0.002774649
02/01/2005,0.000317633,0.000270758
02/02/2005,0.000375716,0.000297591
02/03/2005,-0.001036875,-0.001091562
02/04/2005,0.000805151,0.000781714
02/07/2005,0.000148827,8.63265E-05
02/08/2005,0.001227458,0.001164958
02/09/2005,0.001092649,0.001013702
02/10/2005,0.000834248,0.000794774
02/11/2005,0.000676622,0.000605569
02/14/2005,-0.001612217,-0.001706954
02/15/2005,0.000907174,0.000875596
02/16/2005,0.000959957,0.000896799
02/17/2005,0.000564265,0.000493213
02/18/2005,-0.000183322,-0.000222795
02/22/2005,-0.000671644,-0.000734802
02/23/2005,0.00095051,0.000879458
02/24/2005,-0.000974859,-0.001014333
02/25/2005,-0.000782344,-0.000806028
02/28/2005,-0.000922371,-0.000969739
03/01/2005,0.000173066,0.000149381
03/02/2005,-0.001040244,-0.001095507
03/03/2005,-0.000232186,-0.000279554
03/04/2005,0.001747467,0.001676415
03/07/2005,0.000853225,0.000797962
03/08/2005,-0.000967259,-0.001022523
03/09/2005,0.000382083,0.000303136
03/10/2005,-0.001932869,-0.001980237
03/11/2005,0.000164422,0.000101264
03/14/2005,0.000523973,0.000460815
03/15/2005,0.000948329,0.00090096
03/16/2005,0.000975797,0.000944218
03/17/2005,-0.00119314,-0.001256298
03/18/2005,0.000980557,0.000917399
03/21/2005,-0.000790576,-0.000837944
03/22/2005,0.001031498,0.000992024
03/23/2005,-9.32147E-05,-0.000124794
03/24/2005,-0.000286636,-0.00032611
03/28/2005,-0.000428477,-0.000491635
03/29/2005,0.001320061,0.001288482
03/30/2005,0.00190807,0.001868597
03/31/2005,0.001442303,0.001363356
04/01/2005,0.000789324,0.000741956
04/04/2005,0.000161568,0.000106305
04/05/2005,0.00083801,0.000798537
04/06/2005,0.000575627,0.000536153
04/07/2005,0.000487663,0.000463979
04/08/2005,0.000271579,0.00024
04/11/2005,0.001263159,0.00121579
04/12/2005,-0.000747743,-0.000803007
04/13/2005,0.001932065,0.001892591
04/14/2005,0.000621045,0.000573173
04/15/2005,-0.000588839,-0.000668626
04/18/2005,-0.000497619,-0.000545492
04/19/2005,0.000378622,0.000242983
04/20/2005,0.002146246,0.002050502
04/21/2005,-0.000621787,-0.000725511
04/22/2005,-0.002070231,-0.002157997
04/25/2005,0.000458347,0.000362603
04/26/2005,0.002808006,0.002704282
04/27/2005,-0.001353575,-0.001417405
04/28/2005,-0.000426267,-0.000506054
04/29/2005,-0.001525955,-0.001589785
05/02/2005,-0.000437847,-0.000509656
05/03/2005,0.001871461,0.00181561
05/04/2005,-0.001884879,-0.001948709
05/05/2005,-0.00079918,-0.000855031
05/06/2005,0.002359659,0.002271893
05/09/2005,-0.001170694,-0.001202609
05/10/2005,0.000169374,0.000105544
05/11/2005,-0.001086456,-0.001142307
05/12/2005,0.00179138,0.001711593
05/13/2005,0.000706131,0.00065028
05/16/2005,0.000220675,0.000196739
05/17/2005,0.00015719,5.59457E-06
05/18/2005,-0.001001279,-0.001168833
05/19/2005,0.000214818,0.000127052
05/20/2005,-0.000856727,-0.000904599
05/23/2005,-0.000329246,-0.000385097
05/24/2005,-0.000854488,-0.000894382
05/25/2005,-0.000403743,-0.000467573
05/26/2005,-0.000959627,-0.001055372
05/27/2005,-0.001432843,-0.001520609
05/31/2005,-0.000260659,-0.000308531
06/01/2005,0.000184301,0.000120471
06/02/2005,-0.000287145,-0.000366932
06/03/2005,0.001281684,0.001192975
06/06/2005,0.000305994,0.000241478
06/07/2005,0.000518222,0.000461771
06/08/2005,-0.000234144,-0.000282531
06/09/2005,0.000692171,0.000667978
06/10/2005,0.000148348,8.38314E-05
06/13/2005,-4.52533E-05,-6.94469E-05
06/14/2005,-0.000193687,-0.000242074
06/15/2005,-0.000484529,-0.00055711
06/16/2005,-0.000616082,-0.000664469
06/17/2005,-0.000870992,-0.000911314
06/20/2005,0.001129295,0.001064779
06/21/2005,0.000304925,0.000248474
06/22/2005,0.002812527,0.002731882
06/23/2005,0.001577905,0.001505324
06/24/2005,-0.000619971,-0.000732874
06/27/2005,0.000730098,0.000657517
06/28/2005,0.000672105,0.000518879
06/29/2005,0.002184114,0.002063146
06/30/2005,-0.000442134,-0.000530843
07/01/2005,-0.000299589,-0.000412493
07/05/2005,-0.000457916,-0.000522432
07/06/2005,0.00066819,0.000603674
07/07/2005,0.001423951,0.001359435
07/08/2005,0.002228141,0.002139431
07/11/2005,0.000498372,0.000425791
07/12/2005,-0.002431649,-0.002520359
07/13/2005,-5.19154E-05,-0.000100302
07/14/2005,-0.001449251,-0.001513767
07/15/2005,0.000907994,0.000859607
07/18/2005,4.86548E-05,-1.58613E-05
07/19/2005,9.4259E-05,3.78074E-05
07/20/2005,-4.36442E-05,-8.39668E-05
07/21/2005,0.000463839,0.000415452
07/22/2005,-0.000411417,-0.000435611
07/25/2005,-0.000888286,-0.000928609
07/26/2005,-0.001257881,-0.001314333
07/27/2005,0.000342703,0.000286252
07/28/2005,0.000236459,0.000196136
07/29/2005,-0.001457362,-0.001497685
08/01/2005,0.000174939,0.000142681
08/02/2005,-0.000335386,-0.000383773
08/03/2005,0.000229228,0.000196619
08/04/2005,0.001541407,0.001492494
08/05/2005,0.001021727,0.000940205
08/08/2005,-0.000971279,-0.001036496
08/09/2005,0.001651481,0.001553655
08/10/2005,0.000775302,0.000710085
08/11/2005,0.001815241,0.001741871
08/12/2005,0.00052594,0.000477027
08/15/2005,0.001785574,0.001720356
08/16/2005,-0.002917788,-0.002983005
08/17/2005,0.000920946,0.000880185
08/18/2005,0.00195197,0.001903057
08/19/2005,2.30666E-05,-5.0303E-05
08/22/2005,-0.001055946,-0.001113011
08/23/2005,0.000421865,0.000315887
08/24/2005,0.000555437,0.00049022
08/25/2005,-0.00118885,-0.001254067
08/26/2005,0.000137519,6.41497E-05
08/29/2005,0.002997358,0.002899532
08/30/2005,0.00129503,0.001172747
08/31/2005,0.000663612,0.000631004
09/01/2005,-0.000137629,-0.000170238
09/02/2005,-0.001700777,-0.001790451
09/06/2005,-0.001896416,-0.001969785
09/07/2005,0.000170868,0.000130107
09/08/2005,0.001220658,0.001147288
09/09/2005,5.8813E-05,2.62043E-05
09/12/2005,0.000477148,0.000411931
09/13/2005,0.000231891,0.000182978
09/14/2005,0.000204909,0.000155996
09/15/2005,0.002113316,0.002048099
09/16/2005,0.000265087,0.000224326
09/19/2005,0.000599476,0.000526106
09/20/2005,0.001713127,0.001622468
09/21/2005,-0.001102066,-0.001151517
09/22/2005,0.000541573,0.000475639
09/23/2005,0.001199526,0.001133592
09/26/2005,-0.000970033,-0.001060692
09/27/2005,0.000275693,0.000201517
09/28/2005,5.4739E-06,-9.34272E-05
09/29/2005,0.001653742,0.001604291
09/30/2005,0.001947613,0.00184047
10/03/2005,0.000266591,0.000200657
10/04/2005,0.000228388,0.000137729
10/05/2005,0.000223826,0.000182617
10/06/2005,-0.000454127,-0.000495336
10/07/2005,-0.000468697,-0.000600565
10/10/2005,0.001613839,0.00152318
10/11/2005,0.0001744,0.000124949
10/12/2005,0.001573722,0.001499546
10/13/2005,-0.000736521,-0.000794214
10/14/2005,1.31354E-05,-4.45569E-05
10/17/2005,-0.001040088,-0.001122505
10/18/2005,0.000467004,0.000384587
10/19/2005,0.000797397,0.000706737
10/20/2005,2.36091E-05,-1.1162E-06
10/21/2005,-0.001755809,-0.001879435
10/24/2005,0.000142844,0.000109877
10/25/2005,0.000221315,0.000188348
10/26/2005,0.000401214,0.00033528
10/27/2005,0.000467086,0.000434119
10/28/2005,9.11878E-05,3.34955E-05
10/31/2005,-3.32918E-05,-5.80171E-05
11/01/2005,0.001502157,0.001452706
11/02/2005,7.14525E-05,2.2002E-05
11/03/2005,0.000228616,0.000136949
11/04/2005,-0.000169082,-0.000219082
11/07/2005,1.95514E-05,-5.44863E-06
11/08/2005,0.000655205,0.000630205
11/09/2005,-7.02254E-05,-0.000103559
11/10/2005,0.000879615,0.000821281
11/11/2005,0.000288977,0.000238977
11/14/2005,0.001056697,0.00101503
11/15/2005,0.000712094,0.000678761
11/16/2005,0.000216287,0.00019962
11/17/2005,-0.000313262,-0.000363262
11/18/2005,-2.2235E-05,-6.39016E-05
11/21/2005,-0.000941121,-0.000999455
11/22/2005,0.000253955,0.000212288
11/23/2005,0.001327426,0.00126076
11/25/2005,0.000678201,0.000636534
11/28/2005,-0.00050432,-0.000537653
11/29/2005,0.000868897,0.000793897
11/30/2005,-0.000144799,-0.000194799
12/01/2005,0.001369435,0.001294435
12/02/2005,0.003025029,0.002950029
12/05/2005,0.000237696,0.000187696
12/06/2005,-0.000606439,-0.000689773
12/07/2005,-0.000590336,-0.000657003
12/08/2005,-0.000309412,-0.000367745
12/09/2005,-0.000380344,-0.000455344
12/12/2005,-0.002821022,-0.002862689
12/13/2005,-0.001918783,-0.00198545
12/14/2005,0.000546857,0.000496857
12/15/2005,0.000747102,0.000705435
12/16/2005,0.001842275,0.001758941
12/19/2005,0.001053013,0.000986347
12/20/2005,-0.000206512,-0.000256512
12/21/2005,-3.53454E-05,-8.53454E-05
12/22/2005,0.000604887,0.000546554
12/23/2005,-0.000159777,-0.000226443
12/27/2005,-0.000658834,-0.000700501
12/28/2005,0.000137607,5.33369E-05
12/29/2005,0.002812483,0.002719786
12/30/2005,-0.001577695,-0.001645111
01/03/2006,-4.67947E-05,-0.00011421
01/04/2006,0.000903991,0.00076916
01/05/2006,-0.000470968,-0.000513103
01/06/2006,0.002120941,0.002053525
01/09/2006,8.18806E-05,6.50266E-05
01/10/2006,-0.000494395,-0.000570238
01/11/2006,0.000687542,0.000611699
01/12/2006,-0.000127672,-0.000144526
01/13/2006,-0.000715591,-0.00077458
01/17/2006,0.000981509,0.000914094
01/18/2006,-0.000436654,-0.00050407
01/19/2006,0.000365169,0.000323035
01/20/2006,4.12962E-05,-4.29735E-05
01/23/2006,0.001934248,0.001892113
01/24/2006,0.000537714,0.000478725
01/25/2006,-5.46595E-06,-3.91738E-05
01/26/2006,9.90084E-05,5.68735E-05
01/27/2006,0.000418423,0.000401569
01/30/2006,0.000355006,0.000279164
01/31/2006,0.000359676,0.000309114
02/01/2006,0.000348586,0.00025589
02/02/2006,0.00510402,0.004986042
02/03/2006,-0.002593672,-0.002670377
02/06/2006,0.001695441,0.001618736
02/07/2006,-0.001606392,-0.001666051
02/08/2006,0.001424422,0.001373285
02/09/2006,0.001537037,0.001443287
02/10/2006,0.000391435,0.000331775
02/13/2006,-3.49319E-05,-6.90229E-05
02/14/2006,-0.000521025,-0.000589207
02/15/2006,-0.000772826,-0.000866576
02/16/2006,-0.002136138,-0.002195797
02/17/2006,0.002111044,0.002025816
02/21/2006,0.001127158,0.001058977
02/22/2006,0.000900251,0.000840592
02/23/2006,0.000114488,7.18745E-05
02/24/2006,0.002011364,0.001934659
02/27/2006,-0.00077296,-0.000815574
02/28/2006,-0.000372118,-0.000397686
03/01/2006,-0.001311923,-0.001422719
03/02/2006,0.001880226,0.001769431
03/03/2006,0.00014124,1.33995E-05
03/06/2006,0.003986143,0.003909439
03/07/2006,-0.000529778,-0.000623528
03/08/2006,0.001427696,0.001359514
03/09/2006,-0.001573337,-0.001607428
03/10/2006,0.000878803,0.000827667
03/13/2006,-0.00163674,-0.001713444
03/14/2006,-0.001513281,-0.001598508
03/15/2006,0.001232496,0.001155791
03/16/2006,0.000410831,0.000351172
03/17/2006,0.000268028,0.000208369
03/20/2006,-0.001560749,-0.001586317
03/21/2006,0.000859557,0.000791375
03/22/2006,-3.98081E-05,-0.000133558
03/23/2006,-0.000931616,-0.001008321
03/24/2006,0.00105771,0.00096396
03/27/2006,0.000625107,0.000582493
03/28/2006,0.001987393,0.001902166
03/29/2006,0.000643347,0.000617779
03/30/2006,-0.00023902,-0.000281634
03/31/2006,0.000795159,0.000726977
04/03/2006,0.002312397,0.002244216
04/04/2006,0.001077194,0.001017535
04/05/2006,-0.000582327,-0.000634051
04/06/2006,0.000364614,0.00031289
04/07/2006,0.001120242,0.001042656
04/10/2006,-0.000983063,-0.001034787
04/11/2006,-0.000359573,-0.000428539
04/12/2006,0.00037599,0.000350128
04/13/2006,0.001148848,0.001097124
04/17/2006,0.001769004,0.001700038
04/18/2006,0.002239302,0.002153095
04/19/2006,-0.00132516,-0.001368263
04/20/2006,0.001793198,0.001672508
04/21/2006,0.000777976,0.000726251
04/24/2006,-9.01765E-05,-0.000167763
04/25/2006,0.000877681,0.000808716
04/26/2006,-0.000155399,-0.000276089
04/27/2006,-0.000301458,-0.000387665
04/28/2006,-0.000598355,-0.000693183
05/01/2006,-0.000378563,-0.000456149
05/02/2006,-0.000257355,-0.000326321
05/03/2006,-0.000485024,-0.000545369
05/04/2006,0.000420456,0.000368732
05/05/2006,-0.000772692,-0.000815796
05/08/2006,-0.000232847,-0.000284571
05/09/2006,0.001183924,0.0011322
05/10/2006,0.000976517,0.000916172
05/11/2006,0.000206937,0.000129351
05/12/2006,0.000812055,0.00074309
05/15/2006,0.003485889,0.003408303
05/16/2006,0.000503913,0.000417706
05/17/2006,-0.0004444,-0.000521986
05/18/2006,0.001071265,0.000985058
05/19/2006,-0.001639529,-0.001682633
05/22/2006,-0.002114692,-0.002166416
05/23/2006,0.000487142,0.000418177
05/24/2006,0.000189165,6.84752E-05
05/25/2006,-0.00042809,-0.000505677
05/26/2006,-0.001890818,-0.001942542
05/30/2006,-0.001127965,-0.001188309
05/31/2006,-0.002938535,-0.003016121
06/01/2006,0.001057582,0.001014479
06/02/2006,0.001473873,0.001404907
06/05/2006,0.001670825,0.001609779
06/06/2006,0.00073799,0.000703106
06/07/2006,0.003481755,0.003420709
06/08/2006,-0.003746866,-0.003799192
06/09/2006,0.000679323,0.000592113
06/12/2006,0.002493417,0.002353882
06/13/2006,-3.4893E-05,-0.000122102
06/14/2006,0.000594925,0.000464111
06/15/2006,-0.002347131,-0.002469224
06/16/2006,-0.000415139,-0.000476185
06/19/2006,0.00064585,0.000610966
06/20/2006,-0.001193778,-0.001237383
06/21/2006,0.001901701,0.001831933
06/22/2006,-0.000697574,-0.000767341
06/23/2006,0.001958593,0.001880104
06/26/2006,-0.000789959,-0.000859726
06/27/2006,0.00107343,0.001021104
06/28/2006,0.002107254,0.002020045
06/29/2006,-0.000221083,-0.00028213
06/30/2006,0.002112125,0.002051078
07/03/2006,0.000705432,0.000618223
07/05/2006,-0.001525209,-0.001717069
07/06/2006,-0.000446784,-0.000516552
07/07/2006,0.000180788,0.000119742
07/10/2006,-0.000105553,-0.000122994
07/11/2006,0.001456794,0.001395748
07/12/2006,0.00024701,0.000168522
07/13/2006,0.000185923,0.000133598
07/14/2006,0.000307271,0.000289829
07/17/2006,0.000905361,0.000835593
07/18/2006,-0.000955313,-0.001042522
07/19/2006,0.000402145,0.000332378
07/20/2006,0.002757642,0.002652991
07/21/2006,0.001425823,0.001347335
07/24/2006,0.002538207,0.002450998
07/25/2006,0.000108108,-1.39846E-05
07/26/2006,0.000633756,0.00058143
07/27/2006,0.000889178,0.000836852
07/28/2006,-0.000462742,-0.000515068
07/31/2006,0.003173423,0.003060051
08/01/2006,-0.001086974,-0.00114802
08/02/2006,0.00119466,0.001151055
08/03/2006,0.000217535,0.000182651
08/04/2006,0.000276897,0.000242014
08/07/2006,-0.001422664,-0.001493252
08/08/2006,-0.002177487,-0.002265722
08/09/2006,0.000698187,0.000609952
08/10/2006,-0.001533959,-0.001613371
08/11/2006,0.000713272,0.000642683
08/14/2006,0.000547253,0.000494312
08/15/2006,0.00197262,0.001919679
08/16/2006,0.00126282,0.001192232
08/17/2006,0.000940644,0.00090535
08/18/2006,0.001981809,0.001893573
08/21/2006,0.00243177,0.002405299
08/22/2006,0.001227491,0.001148079
08/23/2006,-8.60899E-05,-0.000147855
08/24/2006,-0.002211299,-0.002255416
08/25/2006,5.46649E-05,-7.09979E-06
08/28/2006,0.000447173,0.000385408
08/29/2006,0.00091225,0.000859309
08/30/2006,-0.000298956,-0.000351897
08/31/2006,-0.000542503,-0.000586621
09/01/2006,-0.00135431,-0.001407251
09/05/2006,0.000455469,0.000420175
09/06/2006,8.82912E-05,3.53501E-05
09/07/2006,0.000869791,0.000825673
09/08/2006,-6.48039E-05,-0.000144216
09/11/2006,-0.000595327,-0.000674739
09/12/2006,0.001645292,0.001583527
09/13/2006,0.001096946,0.001026358
09/14/2006,-0.000725284,-0.000778225
09/15/2006,-0.001134861,-0.001178979
09/18/2006,-0.002113962,-0.002166903
09/19/2006,-0.001305719,-0.001393954
09/20/2006,-0.00014864,-0.000192757
09/21/2006,0.000476492,0.000405904
09/22/2006,-0.000238218,-0.000273512
09/25/2006,0.000630658,0.00058654
09/26/2006,0.000912489,0.000806607
09/27/2006,-0.003970345,-0.004023286
09/28/2006,6.69305E-05,5.16579E-06
09/29/2006,0.000814371,0.000752607
10/02/2006,0.000647604,0.00061231
10/03/2006,0.000253016,0.000155957
10/04/2006,0.000502689,0.000414454
10/05/2006,0.001268565,0.00118033
10/06/2006,0.001346633,0.001276045
10/09/2006,0.00017603,0.000123089
10/10/2006,0.002058033,0.001996268
10/11/2006,0.00028567,0.000170964
10/12/2006,0.000917862,0.000829627
10/13/2006,-0.000602866,-0.000655807
10/16/2006,-0.001292927,-0.001345868
10/17/2006,0.001209223,0.001094517
10/18/2006,0.00026825,0.000241779
10/19/2006,0.000201871,0.000121514
10/20/2006,0.000764635,0.000693206
10/23/2006,0.000835107,0.000755695
10/24/2006,0.000519248,0.000465677
10/25/2006,-0.00028056,-0.000378774
10/26/2006,0.000536757,0.000447472
10/27/2006,0.000438759,0.000367331
10/30/2006,-0.001485829,-0.001530472
10/31/2006,-0.001330679,-0.001393179
11/01/2006,0.001310496,0.001256925
11/02/2006,0.002438375,0.00234909
11/03/2006,0.000193895,9.56812E-05
11/06/2006,0.000114296,4.28679E-05
11/07/2006,0.000919421,0.000839064
11/08/2006,0.001243597,0.001181097
11/09/2006,-0.000116712,-0.000152426
11/10/2006,0.000539665,0.000486094
11/13/2006,-0.002173296,-0.002217939
11/14/2006,0.000567466,0.000513895
11/15/2006,0.00213335,0.002052993
11/16/2006,0.00069999,0.000655347
11/17/2006,0.000374721,0.000312221
11/20/2006,-0.000352296,-0.000423725
11/21/2006,-0.000277649,-0.000304434
11/22/2006,-0.001487849,-0.001550349
11/24/2006,-0.000419916,-0.000482416
11/27/2006,0.001457976,0.001386548
11/28/2006,0.000223879,0.000170308
11/29/2006,0.000189469,7.33975E-05
11/30/2006,0.001396697,0.001360982
12/01/2006,0.000754901,0.000674544
12/04/2006,0.000187668,0.000134096
12/05/2006,0.00111916,0.001065589
12/06/2006,0.000551272,0.000497055
12/07/2006,0.005059584,0.004987295
12/08/2006,-0.001775341,-0.00184763
12/11/2006,-0.00085448,-0.000953877
12/12/2006,-0.000207469,-0.000352047
12/13/2006,-0.003607142,-0.003661359
12/14/2006,-0.00011923,-0.000173447
12/15/2006,-0.001347948,-0.001402164
12/18/2006,0.000681128,0.000608839
12/19/2006,3.97306E-05,-3.25586E-05
12/20/2006,0.001616633,0.001517235
12/21/2006,0.001102658,0.001039405
12/22/2006,0.000463402,0.000409185
12/26/2006,-0.000187075,-0.000241292
12/27/2006,-0.00091475,-0.001005111
12/28/2006,0.001392493,0.001338276
12/29/2006,0.001660651,0.001588362
01/03/2007,0.000527035,0.000418602
01/04/2007,-0.003098453,-0.003170742
01/05/2007,0.002357178,0.002284889
01/08/2007,0.002824281,0.002751992
01/09/2007,0.000510351,0.000392882
01/10/2007,0.000857907,0.000767546
01/11/2007,0.001727844,0.001646518
01/12/2007,3.91877E-05,1.20793E-05
01/16/2007,-0.000795888,-0.000822996
01/17/2007,0.001093636,0.001003275
01/18/2007,-0.001559194,-0.001631484
01/19/2007,-0.000654619,-0.000726908
01/22/2007,0.001304127,0.001231837
01/23/2007,-0.001033519,-0.0010787
01/24/2007,0.000757264,0.000684094
01/25/2007,-0.000519519,-0.000583543
01/26/2007,-0.000805052,-0.000896515
01/29/2007,0.000263433,0.00014453
01/30/2007,0.000649862,0.000585838
01/31/2007,0.000945973,0.000872802
02/01/2007,-0.001206674,-0.001279844
02/02/2007,-0.000560901,-0.000679803
02/05/2007,-0.000880221,-0.000962538
02/06/2007,-0.002023674,-0.002078552
02/07/2007,0.001919107,0.00180935
02/08/2007,0.00060883,0.000499074
02/09/2007,-2.82966E-05,-9.2321E-05
02/12/2007,-0.000280945,-0.00034497
02/13/2007,0.000864478,0.000818747
02/14/2007,0.000728174,0.00066415
02/15/2007,-0.000288283,-0.000324869
02/16/2007,0.000435837,0.000380959
02/20/2007,0.000284916,0.000202599
02/21/2007,-0.0006878,-0.000724385
02/22/2007,0.000976064,0.000921186
02/23/2007,-0.000896685,-0.000979002
02/26/2007,-0.000952553,-0.001007431
02/27/2007,-0.000289742,-0.000390352
02/28/2007,-3.54123E-07,-6.43785E-05
03/01/2007,-0.000820368,-0.000930124
03/02/2007,-0.000589558,-0.000645114
03/05/2007,-2.32641E-05,-0.000115857
03/06/2007,0.003729826,0.003637234
03/07/2007,0.001896164,0.001794312
03/08/2007,0.000449487,0.000329117
03/09/2007,0.001891699,0.001808366
03/12/2007,-0.001268797,-0.001333612
03/13/2007,0.00127523,0.001210416
03/14/2007,0.00274136,0.00262099
03/15/2007,0.002634085,0.002476678
03/16/2007,0.002955039,0.00282541
03/19/2007,0.000589159,0.00045027
03/20/2007,0.000370734,0.00029666
03/21/2007,0.000982456,0.000899122
03/22/2007,0.001243582,0.001169508
03/23/2007,0.000916113,0.000786483
03/26/2007,-0.001000101,-0.001027879
03/27/2007,0.001225053,0.00114172
03/28/2007,0.001398331,0.001333517
03/29/2007,0.000110167,4.53518E-05
03/30/2007,-7.41445E-06,-3.51922E-05
04/02/2007,0.001003146,0.000966109
04/03/2007,0.001567941,0.001475349
04/04/2007,0.000672032,0.000579439
04/05/2007,-0.000677829,-0.000751903
04/09/2007,0.000869392,0.000786059
04/10/2007,-0.000229717,-0.000285272
04/11/2007,-0.000299139,-0.000373213
04/12/2007,0.000458686,0.000421649
04/13/2007,1.69543E-05,-2.00827E-05
04/16/2007,0.001390787,0.001335232
04/17/2007,0.001727968,0.001663153
04/18/2007,-0.00101401,-0.001097344
04/19/2007,-0.000570941,-0.000700571
04/20/2007,-0.000204572,-0.00035272
04/23/2007,-0.001109478,-0.001192812
04/24/2007,-0.000236585,-0.000319918
04/25/2007,0.000882609,0.00073446
04/26/2007,0.000170081,6.69561E-05
04/27/2007,0.002037321,0.001924821
04/30/2007,0.000585443,0.000482318
05/01/2007,-0.000861667,-0.000927292
05/02/2007,0.000820615,0.000783115
05/03/2007,-0.001884594,-0.001997094
05/04/2007,-0.002940417,-0.002987292
05/07/2007,0.003510407,0.003444782
05/08/2007,-0.000237122,-0.000312122
05/09/2007,0.000680953,0.000643453
05/10/2007,0.000885068,0.000828818
05/11/2007,-0.000198584,-0.000292334
05/14/2007,-0.000706115,-0.00073424
05/15/2007,0.00075685,0.000653725
05/16/2007,0.001142605,0.001048855
05/17/2007,0.000593529,0.000546654
05/18/2007,-0.000682007,-0.000766382
05/21/2007,0.000428891,0.000353891
05/22/2007,0.000317602,0.000251977
05/23/2007,-0.000761341,-0.000836341
05/24/2007,0.000510803,0.000407678
05/25/2007,-0.000373149,-0.000438774
05/29/2007,-0.000419008,-0.000522133
05/30/2007,0.002328835,0.002253835
05/31/2007,0.000112875,2.84999E-05
06/01/2007,0.000904806,0.000829806
06/04/2007,-0.000880687,-0.001002562
06/05/2007,-0.000636647,-0.000674147
06/06/2007,-0.000950605,-0.000988105
06/07/2007,0.000462045,0.00039642
06/08/2007,-0.000900139,-0.000947014
06/11/2007,0.000179144,0.000113519
06/12/2007,-4.31384E-05,-9.00134E-05
06/13/2007,-0.000217866,-0.000274116
06/14/2007,0.00119992,0.00110617
06/15/2007,-0.000312488,-0.000434363
06/18/2007,-0.000434661,-0.000528411
06/19/2007,0.000805007,0.000730007
06/20/2007,0.000595728,0.000519779
06/21/2007,0.0002121,0.000174125
06/22/2007,0.001435647,0.001340711
06/25/2007,-0.000293043,-0.000350005
06/26/2007,0.002105833,0.001915959
06/27/2007,0.004651092,0.004499193
06/28/2007,-0.000180589,-0.000247045
06/29/2007,-0.000770434,-0.000884358
07/02/2007,-0.001386207,-0.001500131
07/03/2007,0.000536273,0.000431843
07/05/2007,0.000731798,0.000636861
07/06/2007,0.000760822,0.000646898
07/09/2007,0.000504481,0.000428531
07/10/2007,0.004783114,0.004650203
07/11/2007,0.001714262,0.001638313
07/12/2007,-0.001358875,-0.001444318
07/13/2007,-0.004121883,-0.004245301
07/16/2007,-0.000568339,-0.00070125
07/17/2007,0.001418823,0.001323886
07/18/2007,0.003462307,0.003310408
07/19/2007,0.000197916,3.65238E-05
07/20/2007,-0.000337058,-0.000488957
07/23/2007,-0.000314824,-0.00048571
07/24/2007,-0.003247901,-0.003390306
07/25/2007,0.002346069,0.002241639
07/26/2007,0.000455525,0.000275145
07/27/2007,0.000123703,-5.66763E-05
07/30/2007,0.001659798,0.00153638
07/31/2007,-0.001134694,-0.001239124
08/01/2007,-0.00355413,-0.003649067
08/02/2007,0.002874774,0.002732369
08/03/2007,-0.003706169,-0.003801106
08/06/2007,-0.000906791,-0.00098274
08/07/2007,-0.005580341,-0.005694265
08/08/2007,-0.010882625,-0.011151856
08/09/2007,-0.001349285,-0.001464669
08/10/2007,0.001717246,0.001630707
08/13/2007,0.004728753,0.004642215
08/14/2007,-0.000371367,-0.00044829
08/15/2007,0.002216351,0.002004813
08/16/2007,0.007912462,0.007777847
08/17/2007,-0.003997608,-0.004151455
08/20/2007,0.008762628,0.008378013
08/21/2007,-0.001575895,-0.001835511
08/22/2007,-5.68409E-05,-0.000191456
08/23/2007,0.000217899,0.000150592
08/24/2007,0.000211627,8.66266E-05
08/27/2007,-0.002477645,-0.002602645
08/28/2007,0.000378339,0.000195647
08/29/2007,0.002208737,0.002045276
08/30/2007,-0.002290465,-0.002492388
08/31/2007,0.002068174,0.001923943
09/04/2007,0.003814492,0.0036318
09/05/2007,0.000260304,9.68423E-05
09/06/2007,0.000755721,0.000669183
09/07/2007,0.002369674,0.002206213
09/10/2007,0.001336884,0.001192653
09/11/2007,0.002671247,0.002450094
09/12/2007,-0.004165736,-0.004290736
09/13/2007,-0.00068101,-0.00080601
09/14/2007,-0.000286873,-0.000411873
09/17/2007,0.001957675,0.001803828
09/18/2007,0.000698275,0.000573275
09/19/2007,0.005840633,0.005686786
09/20/2007,0.004100313,0.003908005
09/21/2007,8.4858E-05,-6.89882E-05
09/24/2007,-0.001532709,-0.001609632
09/25/2007,-0.000792493,-0.000907878
09/26/2007,-0.000325101,-0.000411639
09/27/2007,0.00274376,0.002636617
09/28/2007,0.001275181,0.001168038
10/01/2007,0.000475684,0.000388022
10/02/2007,0.001261647,0.001144764
10/03/2007,0.002473516,0.002356633
10/04/2007,-0.001254734,-0.001361877
10/05/2007,0.003305678,0.003179054
10/08/2007,0.000797724,0.000680841
10/09/2007,-0.001587604,-0.001685007
10/10/2007,0.00106774,0.000960597
10/11/2007,0.001770363,0.001702182
10/12/2007,0.000267498,0.000179836
10/15/2007,0.002019803,0.001893179
10/16/2007,-0.001498097,-0.00161498
10/17/2007,-0.00067671,-0.000783853
10/18/2007,-0.007528547,-0.007664911
10/19/2007,-0.006134162,-0.006348448
10/22/2007,0.002602171,0.002426846
10/23/2007,-0.003621867,-0.003816672
10/24/2007,-0.000751176,-0.000926501
10/25/2007,-0.001776425,-0.001922529
10/26/2007,0.000525905,0.000418762
10/29/2007,-0.000205006,-0.00037059
10/30/2007,-0.000800668,-0.000917551
10/31/2007,-0.000467258,-0.000603621
11/01/2007,0.000378138,0.000280735
11/02/2007,-0.001933936,-0.002011858
11/05/2007,-0.003402613,-0.003724041
11/06/2007,0.001529612,0.001432209
11/07/2007,-0.006420817,-0.00652796
11/08/2007,-0.000251818,-0.000378441
11/09/2007,0.009708508,0.009511139
11/12/2007,-0.003159949,-0.003357317
11/13/2007,-0.004886224,-0.005004645
11/14/2007,0.004206914,0.003999678
11/15/2007,0.005343196,0.00519517
11/16/2007,-0.002925192,-0.003053482
11/19/2007,0.001697463,0.001608647
11/20/2007,-0.005592086,-0.005749981
11/21/2007,0.002987187,0.002839161
11/23/2007,0.005129087,0.004990929
11/26/2007,0.004304653,0.004136889
11/27/2007,-0.001210919,-0.00132934
11/28/2007,0.007025359,0.006818123
11/29/2007,0.007462282,0.00728465
11/30/2007,-0.00261823,-0.002756388
12/03/2007,-0.000196625,-0.000423598
12/04/2007,0.000458279,0.000300385
12/05/2007,0.008248453,0.008110295
12/06/2007,-0.001925934,-0.002113434
12/07/2007,-0.004209449,-0.004337739
12/10/2007,-0.003156585,-0.003363822
12/11/2007,-0.005830276,-0.005948697
12/12/2007,0.001805856,0.001677566
12/13/2007,-0.003249052,-0.003456289
12/14/2007,0.001022592,0.000844961
12/17/2007,-0.002699658,-0.002867422
12/18/2007,-0.000878498,-0.001026524
12/19/2007,0.002855402,0.002677771
12/20/2007,0.003459381,0.003252145
12/21/2007,0.002432507,0.002314086
12/24/2007,0.004753815,0.004556447
12/26/2007,-0.004853572,-0.004981862
12/27/2007,0.003660784,0.003460784
12/28/2007,0.001938998,0.001712024
12/31/2007,-0.002516547,-0.002776547
01/02/2008,0.008821319,0.008591319
01/03/2008,-0.002369938,-0.002569938
01/04/2008,0.00183625,0.00167625
01/07/2008,0.002035864,0.001865864
01/08/2008,0.003264396,0.002994396
01/09/2008,0.002291554,0.002091554
01/10/2008,0.009013952,0.008753952
01/11/2008,0.002309197,0.002129197
01/14/2008,-0.001498533,-0.001658533
01/15/2008,-0.000391721,-0.000611721
01/16/2008,-0.000958449,-0.001208449
01/17/2008,-0.003583172,-0.003763172
01/18/2008,0.005593423,0.005443423
01/22/2008,0.008095847,0.007895847
01/23/2008,0.003517021,0.003317021
01/24/2008,0.002720141,0.002470141
01/25/2008,0.001085712,0.000865712
01/28/2008,0.007325811,0.007075811
01/29/2008,0.007501689,0.007301689
01/30/2008,-0.003722992,-0.003852992
01/31/2008,0.000651633,0.000491633
02/01/2008,0.001577509,0.001417509
02/04/2008,0.005114118,0.004964118
02/05/2008,0.004356966,0.004236966
02/06/2008,0.003588663,0.003478663
02/07/2008,-0.001200127,-0.001400127
02/08/2008,9.20799E-05,-1.79201E-05
02/11/2008,0.00090731,0.00080731
02/12/2008,0.000948675,0.000858675
02/13/2008,-0.002771932,-0.002931932
02/14/2008,0.004202652,0.004052652
02/15/2008,-0.001921152,-0.002131152
02/19/2008,0.005821683,0.005631683
02/20/2008,7.73337E-05,-6.26663E-05
02/21/2008,-0.002996848,-0.003156848
02/22/2008,-0.001097621,-0.001247621
02/25/2008,0.001308911,0.001158911
02/26/2008,-0.000539889,-0.000679889
02/27/2008,0.001757956,0.001657956
02/28/2008,-0.001136829,-0.001216829
02/29/2008,0.004831116,0.004731116
03/03/2008,-0.000489549,-0.000559549
03/04/2008,-0.003307023,-0.003427023
03/05/2008,-0.002952784,-0.003022784
03/06/2008,-0.001330311,-0.001450311
03/07/2008,-0.003495624,-0.003605624
03/10/2008,0.00169835,0.00160835
03/11/2008,-0.018985431,-0.019167863
03/12/2008,-0.007117178,-0.007299611
03/13/2008,-0.004119037,-0.004299037
03/14/2008,0.002468746,0.002278746
03/17/2008,-0.001586282,-0.001716282
03/18/2008,0.005255353,0.005155353
03/19/2008,0.004574429,0.00426024
03/20/2008,-0.008158456,-0.008381429
03/24/2008,0.006701767,0.006478794
03/25/2008,-0.00618818,-0.006360477
03/26/2008,-0.004112572,-0.004264599
03/27/2008,-0.004418708,-0.00460114
03/28/2008,-0.003584288,-0.003786991
03/31/2008,-0.001169056,-0.001290678
04/01/2008,0.002115226,0.001942928
04/02/2008,0.000146902,3.5415E-05
04/03/2008,-0.004700312,-0.004903015
04/04/2008,-0.002330744,-0.002533446
04/07/2008,0.002721541,0.002670865
04/08/2008,-0.003532238,-0.003674129
04/09/2008,-0.002032292,-0.002184319
04/10/2008,0.002206205,0.002044043
04/11/2008,-0.00482828,-0.004960036
04/14/2008,-0.002355346,-0.002537778
04/15/2008,0.000337189,0.000185162
04/16/2008,-0.004163682,-0.004366384
04/17/2008,-0.002171067,-0.00239404
04/18/2008,-0.004024675,-0.004237513
04/21/2008,-0.000450029,-0.000652732
04/22/2008,0.003437185,0.003264887
04/23/2008,-0.002360131,-0.002552699
04/24/2008,-0.00378309,-0.003935118
04/25/2008,-0.005584449,-0.005787152
04/28/2008,-0.000742194,-0.000975302
04/29/2008,0.000291635,0.000180148
04/30/2008,-0.003890636,-0.004085841
05/01/2008,-0.003458688,-0.00356004
05/02/2008,-0.002033532,-0.002145018
05/05/2008,0.005032936,0.004858278
05/06/2008,-0.002479684,-0.002644067
05/07/2008,0.000572316,0.000397658
05/08/2008,-0.002027828,-0.002223034
05/09/2008,0.002304717,0.002119785
05/12/2008,-0.000327534,-0.000430274
05/13/2008,0.002604701,0.002450592
05/14/2008,0.000170338,-4.32002E-06
05/15/2008,0.001974073,0.001819963
05/16/2008,-0.002676696,-0.002799984
05/19/2008,-0.000791323,-0.000924884
05/20/2008,0.000858867,0.000673935
05/21/2008,-7.87903E-05,-0.000191804
05/22/2008,-0.00012358,-0.000246867
05/23/2008,-0.002698572,-0.00287323
05/27/2008,-0.001244583,-0.001378145
05/28/2008,0.001645819,0.001430066
05/29/2008,0.000806937,0.000642553
05/30/2008,-0.001348958,-0.001523615
06/02/2008,0.001719372,0.001524167
06/03/2008,0.001003116,0.000797636
06/04/2008,0.004068914,0.003914805
06/05/2008,0.001448944,0.001325657
06/06/2008,-0.00476749,-0.004993517
06/09/2008,-0.002013664,-0.002219143
06/10/2008,0.004962604,0.004767398
06/11/2008,0.001854937,0.001639184
06/12/2008,0.003577863,0.00336211
06/13/2008,0.007303651,0.007087897
06/16/2008,0.001476283,0.001311899
06/17/2008,-0.003380919,-0.00366859
06/18/2008,0.005280786,0.005065032
06/19/2008,-0.008895981,-0.009193926
06/20/2008,0.005935049,0.005616556
06/23/2008,-0.007624051,-0.007921996
06/24/2008,0.002532502,0.002244831
06/25/2008,0.005554294,0.005317992
06/26/2008,0.003619731,0.003393703
06/27/2008,0.003977038,0.003781832
06/30/2008,0.005394783,0.005199577
07/01/2008,-0.003926049,-0.004131529
07/02/2008,-0.005928181,-0.00618503
07/03/2008,0.012225651,0.012006901
07/07/2008,0.002895636,0.00269772
07/08/2008,-0.004881397,-0.005100147
07/09/2008,-0.007577906,-0.007827906
07/10/2008,-0.003839901,-0.004235734
07/11/2008,-0.005651573,-0.005953656
07/14/2008,-0.000717525,-0.000988358
07/15/2008,-0.004167813,-0.004480313
07/16/2008,0.024465809,0.024194976
07/17/2008,0.009735308,0.009370725
07/18/2008,0.001049738,0.000591405
07/21/2008,-0.004070025,-0.004445025
07/22/2008,0.005979211,0.005718794
07/23/2008,0.006240414,0.005927914
07/24/2008,0.021769669,0.021457169
07/25/2008,0.002528315,0.002247065
07/28/2008,-0.00601125,-0.006313333
07/29/2008,0.002928923,0.002553923
07/30/2008,-0.002173898,-0.002475981
07/31/2008,0.002326769,0.001962186
08/01/2008,-0.007857525,-0.008055442
08/04/2008,0.002250607,0.002125607
08/05/2008,-0.004123389,-0.004342139
08/06/2008,-0.001301555,-0.001468222
08/07/2008,0.000531601,0.000323267
08/08/2008,0.003100171,0.002902254
08/11/2008,0.003953217,0.003776134
08/12/2008,2.82706E-05,-9.67294E-05
08/13/2008,-0.001234393,-0.00155731
08/14/2008,0.00714813,0.006887714
08/15/2008,0.000955813,0.000768313
08/18/2008,-0.004771085,-0.005073168
08/19/2008,0.018961009,0.018690176
08/20/2008,0.001933707,0.001746207
08/21/2008,-0.007558165,-0.007756081
08/22/2008,0.006894114,0.006664947
08/25/2008,0.000228645,9.89528E-06
08/26/2008,-0.004067469,-0.004265386
08/27/2008,0.004647896,0.004397896
08/28/2008,0.008885516,0.00865635
08/29/2008,0.007589688,0.007423022
09/02/2008,-0.004095429,-0.004272512
09/03/2008,0.00100059,0.000740173
09/04/2008,-0.000334256,-0.000545523
09/05/2008,-0.001385777,-0.001618171
09/08/2008,0.002524387,0.002281429
09/09/2008,0.005566036,0.005375895
09/10/2008,-0.000265362,-0.000645643
09/11/2008,0.000782317,0.000549923
09/12/2008,0.002773181,0.002625294
09/15/2008,-0.001728018,-0.001875905
09/16/2008,-0.004854318,-0.005055022
09/17/2008,-0.023783681,-0.024121709
09/18/2008,-0.058644125,-0.059034971
09/19/2008,0.016539711,0.016254499
09/22/2008,0.016061515,0.015638979
09/23/2008,0.002412228,0.002053073
09/24/2008,-0.010419255,-0.010831227
09/25/2008,0.0054827,0.005229179
09/26/2008,-0.010593823,-0.010984668
09/29/2008,0.047201592,0.046926944
09/30/2008,0.003459745,0.003174534
10/01/2008,0.015506893,0.015042104
10/02/2008,0.011751701,0.011265785
10/03/2008,-0.012970784,-0.013414446
10/06/2008,-0.001999098,-0.002263183
10/07/2008,0.010010728,0.009757207
10/08/2008,0.020403652,0.019991681
10/09/2008,-0.022922209,-0.023091223
10/10/2008,0.012367445,0.012082234
10/13/2008,0.041540254,0.041117719
10/14/2008,0.019904136,0.019418221
10/15/2008,0.021974267,0.021699619
10/16/2008,-0.000106218,-0.000433683
10/17/2008,-0.004992507,-0.005224901
10/20/2008,0.009272171,0.008976396
10/21/2008,0.00631036,0.006099092
10/22/2008,0.013169809,0.013011359
10/23/2008,0.010272687,0.010050856
10/24/2008,-0.001207957,-0.001398098
10/27/2008,-0.015664987,-0.015939635
10/28/2008,0.010519664,0.01038234
10/29/2008,0.013533473,0.013332768
10/30/2008,-0.001124162,-0.001324867
10/31/2008,-0.004412507,-0.004613211
11/03/2008,0.022458991,0.02223716
11/04/2008,-0.000504163,-0.000718449
11/05/2008,0.003338416,0.003145559
11/06/2008,0.017962018,0.017715589
11/07/2008,0.011723451,0.011477023
11/10/2008,0.006380212,0.006187355
11/11/2008,-0.011137305,-0.011319448
11/12/2008,-0.000788044,-0.000938044
11/13/2008,0.002920942,0.002706656
11/14/2008,-0.011173951,-0.011409665
11/17/2008,-0.004031699,-0.004245985
11/18/2008,-0.007680123,-0.007851552
11/19/2008,-0.000171907,-0.000407621
11/20/2008,-0.001914395,-0.002107252
11/21/2008,0.005307658,0.005114801
11/24/2008,0.009084631,0.008891773
11/25/2008,0.002495825,0.002260111
11/26/2008,-0.007593016,-0.007775159
11/28/2008,0.021584462,0.021423747
12/01/2008,0.013412694,0.013209123
12/02/2008,0.009387592,0.009216163
12/03/2008,0.013010216,0.01272093
12/04/2008,-0.015688987,-0.01594613
12/05/2008,-0.007250444,-0.007432587
12/08/2008,0.018303557,0.018089271
12/09/2008,0.011816801,0.011495373
12/10/2008,0.010766492,0.01058435
12/11/2008,-0.025454301,-0.025615015
12/12/2008,-0.00099767,-0.001179813
12/15/2008,-0.011306479,-0.011477908
12/16/2008,-0.007900804,-0.008072232
12/17/2008,-0.000994863,-0.001219863
12/18/2008,0.001944454,0.001698026
12/19/2008,0.00583492,0.005663492
12/22/2008,0.002827256,0.002655828
12/23/2008,0.0088082,0.008626057
12/24/2008,0.001748107,0.001533822
12/26/2008,-0.00715858,-0.007372866
12/29/2008,0.012082857,0.011836428
12/30/2008,-0.002346298,-0.002571298
12/31/2008,0.001853481,0.001628481
01/02/2009,0.00642155,0.00619655
01/05/2009,0.006897505,0.006636635
01/06/2009,0.005864401,0.00562527
01/07/2009,-0.001041279,-0.001204322
01/08/2009,-0.008928675,-0.009146066
01/09/2009,-0.007542215,-0.007813954
01/12/2009,-0.004171223,-0.004388615
01/13/2009,0.002551434,0.002431869
01/14/2009,-0.01149784,-0.011715231
01/15/2009,-0.015581218,-0.01577687
01/16/2009,0.000751381,0.000457903
01/20/2009,-0.010215406,-0.010400189
01/21/2009,-0.000731522,-0.000894566
01/22/2009,-0.052426497,-0.052904758
01/23/2009,-0.00964436,-0.00988349
01/26/2009,-0.000415344,-0.000741431
01/27/2009,0.001188223,0.000959962
01/28/2009,0.017171444,0.016845357
01/29/2009,0.014300469,0.013952643
01/30/2009,0.013277438,0.012842655
02/02/2009,0.001681379,0.001322683
02/03/2009,-0.001826215,-0.002163171
02/04/2009,-0.000727766,-0.001064722
02/05/2009,-0.001550379,-0.001767771
02/06/2009,0.017381409,0.017044452
02/09/2009,0.005296544,0.005057413
02/10/2009,0.037480631,0.037121935
02/11/2009,0.012668848,0.012342761
02/12/2009,0.005659247,0.005170116
02/13/2009,0.002053074,0.001792204
02/17/2009,0.0083312,0.008048592
02/18/2009,-0.006750974,-0.0070988
02/19/2009,-0.003503031,-0.003861727
02/20/2009,0.005040475,0.004746996
02/23/2009,-0.007977302,-0.008303388
02/24/2009,0.007738968,0.00742375
02/25/2009,-0.017236373,-0.017595069
02/26/2009,0.01221055,0.011917072
02/27/2009,0.01130857,0.011015092
03/02/2009,0.001756561,0.001397865
03/03/2009,-0.012558439,-0.012949743
03/04/2009,0.019414611,0.019153742
03/05/2009,-0.008432293,-0.008708029
03/06/2009,-0.01360674,-0.013915564
03/09/2009,0.00352772,0.003274043
03/10/2009,-0.010251681,-0.010494328
03/11/2009,0.000179792,-7.38842E-05
03/12/2009,-0.059912002,-0.060275972
03/13/2009,0.005931533,0.005644768
03/16/2009,-0.002050399,-0.00240334
03/17/2009,-0.013279922,-0.013511539
03/18/2009,-0.004774866,-0.005028542
03/19/2009,0.043997371,0.043699577
03/20/2009,0.001697122,0.001333151
03/23/2009,0.008845339,0.008569604
03/24/2009,-0.000115073,-0.00035772
03/25/2009,-0.004810793,-0.005141675
03/26/2009,0.007516147,0.007295559
03/27/2009,-0.005592833,-0.005813421
03/30/2009,0.006757827,0.006581357
03/31/2009,0.012611623,0.012380006
04/01/2009,0.009287374,0.008923403
04/02/2009,0.006481463,0.006249846
04/03/2009,-0.003736545,-0.00401228
04/06/2009,-0.000838741,-0.001059329
04/07/2009,-0.009430641,-0.009662258
04/08/2009,0.007704404,0.007450727
04/09/2009,0.021606883,0.021298059
04/13/2009,0.001314097,0.001016303
04/14/2009,0.020348831,0.01999589
04/15/2009,-0.020708645,-0.021028498
04/16/2009,0.002525251,0.002139222
04/17/2009,-0.001315886,-0.001646768
04/20/2009,0.001100113,0.000912613
04/21/2009,0.002402406,0.002170788
04/22/2009,-0.012034384,-0.012387325
04/23/2009,0.002507448,0.002121418
04/24/2009,-0.002349971,-0.002691883
04/27/2009,-0.008331419,-0.008618184
04/28/2009,0.001229997,0.000998379
04/29/2009,0.003080065,0.002800214
04/30/2009,-0.000905856,-0.001062572
05/01/2009,0.000488168,0.000253094
05/04/2009,-0.005495229,-0.00577508
05/05/2009,-0.011326199,-0.01155008
05/06/2009,-0.014098812,-0.014389857
05/07/2009,-0.00021341,-0.000515648
05/08/2009,-0.003850482,-0.004175109
05/11/2009,-0.00634724,-0.006537538
05/12/2009,0.006255284,0.005919463
05/13/2009,0.007687585,0.007351764
05/14/2009,0.013393439,0.013180752
05/15/2009,0.00207009,0.001711881
05/18/2009,-0.00606534,-0.006333996
05/19/2009,-0.006112202,-0.006347276
05/20/2009,-0.005135882,-0.005426927
05/21/2009,0.003586545,0.003217142
05/22/2009,0.002132335,0.00184129
05/26/2009,-0.000334291,-0.000569366
05/27/2009,0.003535253,0.003244208
05/28/2009,-0.00364437,-0.003991385
05/29/2009,-0.003870943,-0.004206764
06/01/2009,0.004570161,0.004335086
06/02/2009,-0.004845667,-0.005069547
06/03/2009,0.014020498,0.013763035
06/04/2009,0.001001324,0.000732667
06/05/2009,0.004185945,0.003928482
06/08/2009,-0.010809936,-0.011067399
06/09/2009,-0.004459109,-0.004660601
06/10/2009,-0.013776434,-0.014000314
06/11/2009,0.016847592,0.016545353
06/12/2009,0.006177065,0.005919603
06/15/2009,-0.003799073,-0.003966983
06/16/2009,-0.004772927,-0.005052778
06/17/2009,-0.006160074,-0.006383954
06/18/2009,-0.002170924,-0.002517939
06/19/2009,-0.000546557,-0.000792826
06/22/2009,-0.002836668,-0.003138906
06/23/2009,0.009704419,0.00940218
06/24/2009,-0.004925531,-0.005182994
06/25/2009,-0.010470598,-0.010806418
06/26/2009,-0.002314109,-0.002627542
06/29/2009,0.000273516,-1.75285E-05
06/30/2009,0.006150333,0.005713766
07/01/2009,0.002487499,0.002106902
07/02/2009,-0.014446093,-0.014759526
07/06/2009,-0.004148442,-0.004439487
07/07/2009,-0.005607847,-0.005999638
07/08/2009,0.004434347,0.004002529
07/09/2009,0.003622285,0.003315467
07/10/2009,0.002636944,0.002398308
07/13/2009,0.009084301,0.00876612
07/14/2009,0.004652181,0.004322635
07/15/2009,-0.016807287,-0.017216378
07/16/2009,-0.00228218,-0.002645817
07/17/2009,-0.003118758,-0.003505122
07/20/2009,0.011207519,0.010957519
07/21/2009,-0.000560583,-0.000935583
07/22/2009,0.008347587,0.008040769
07/23/2009,0.004325963,0.0039396
07/24/2009,-0.004934729,-0.005309729
07/27/2009,-0.007108232,-0.007437777
07/28/2009,-0.002439326,-0.002802962
07/29/2009,-0.001969182,-0.002241909
07/30/2009,0.00791036,0.007603542
07/31/2009,-0.002582236,-0.0028436
08/03/2009,-0.002878179,-0.003150906
08/04/2009,-0.002624432,-0.002863069
08/05/2009,-0.018781771,-0.019134044
08/06/2009,-0.004998663,-0.005328209
08/07/2009,0.005327192,0.005020374
08/10/2009,-0.00279246,-0.003087915
08/11/2009,0.002347096,0.001983459
08/12/2009,0.006344851,0.005992578
08/13/2009,0.01122797,0.010909788
08/14/2009,0.002130353,0.001721262
08/17/2009,0.002293022,0.002054385
08/18/2009,2.57334E-05,-0.000281085
08/19/2009,-0.00498218,-0.005163998
08/20/2009,-0.00847234,-0.008779158
08/21/2009,-0.001967702,-0.002354065
08/24/2009,-0.000959867,-0.001255322
08/25/2009,0.000988537,0.000647628
08/26/2009,-0.004512023,-0.004852932
08/27/2009,-0.000353294,-0.000614658
08/28/2009,0.007575551,0.007325551
08/31/2009,-0.002632171,-0.002995807
09/01/2009,0.001654907,0.001302634
09/02/2009,0.007664997,0.007312725
09/03/2009,0.011024415,0.010672142
09/04/2009,0.00384023,0.003533412
09/08/2009,0.000915392,0.000631301
09/09/2009,0.00130299,0.001041626
09/10/2009,-0.001052087,-0.001392996
09/11/2009,0.010426322,0.010074049
09/14/2009,-0.006463559,-0.006724923
09/15/2009,0.000784435,0.000534435
09/16/2009,-0.003288929,-0.003538929
09/17/2009,0.002657486,0.002396122
09/18/2009,-0.005197602,-0.005527148
09/21/2009,0.012693018,0.012465745
09/22/2009,-0.003542542,-0.003758451
09/23/2009,0.002642682,0.002233591
09/24/2009,0.007607007,0.007277461
09/25/2009,0.00046334,0.000145159
09/28/2009,0.002557294,0.002205022
09/29/2009,0.004934647,0.004491465
09/30/2009,0.003582331,0.003309604
10/01/2009,0.005259141,0.004815959
10/02/2009,0.000466765,0.000125856
10/05/2009,0.004324565,0.003972292
10/06/2009,-0.000172138,-0.000524411
10/07/2009,-0.002349524,-0.002633615
10/08/2009,0.002237057,0.001975694
10/09/2009,0.004445977,0.00408234
10/12/2009,-0.006689601,-0.006973692
10/13/2009,-0.00642076,-0.006709222
10/14/2009,-0.002466802,-0.002651418
10/15/2009,-0.004738268,-0.005072883
10/16/2009,0.00678881,0.006384963
10/19/2009,0.001467099,0.00115556
10/20/2009,0.000278272,-5.63438E-05
10/21/2009,0.000688377,0.000319146
10/22/2009,0.002430299,0.002153376
10/23/2009,0.000267822,-4.37164E-05
10/26/2009,0.002602472,0.002187087
10/27/2009,-0.008902167,-0.009306013
10/28/2009,-0.004765545,-0.005192469
10/29/2009,0.0126938,0.012359185
10/30/2009,0.001434723,0.001030877
11/02/2009,-0.017470958,-0.017794035
11/03/2009,0.000651227,0.000408919
11/04/2009,-0.005192447,-0.005480909
11/05/2009,-0.001191722,-0.001514799
11/06/2009,0.007932337,0.007620799
11/09/2009,-0.000655122,-0.000908969
11/10/2009,0.003789172,0.003454556
11/11/2009,-0.012541717,-0.012830179
11/12/2009,0.015601627,0.015197781
11/13/2009,-0.003821829,-0.004167983
11/16/2009,-0.012155359,-0.012501512
11/17/2009,-0.005388801,-0.005723416
11/18/2009,0.002394435,0.00205982
11/19/2009,-0.011654193,-0.011942655
11/20/2009,-0.007659181,-0.008109181
11/23/2009,-0.009081832,-0.009531832
11/24/2009,0.005444904,0.005029519
11/25/2009,0.011547645,0.011086106
11/27/2009,0.014479812,0.014133658
11/30/2009,-0.003052676,-0.003352676
12/01/2009,0.002107336,0.001772721
12/02/2009,0.012555889,0.012128966
12/03/2009,0.003827389,0.003342774
12/04/2009,-0.008226309,-0.008618616
12/07/2009,-0.000892754,-0.001273523
12/08/2009,-0.008053998,-0.008353998
12/09/2009,-0.008798706,-0.009191014
12/10/2009,0.003339453,0.002935606
12/11/2009,0.005085058,0.004681212
12/14/2009,0.004065516,0.003742439
12/15/2009,0.007101352,0.006789814
12/16/2009,0.007033499,0.006629653
12/17/2009,0.00206488,0.001811034
12/18/2009,-0.014227326,-0.014538864
12/21/2009,-0.000254263,-0.000473494
12/22/2009,-0.011170895,-0.011528588
12/23/2009,-0.007413311,-0.007736387
12/24/2009,0.008178669,0.007803669
12/28/2009,-0.007492193,-0.007832037
12/29/2009,-0.003410482,-0.003762044
12/30/2009,0.001171299,0.000831455
12/31/2009,0.006966818,0.006673849
